split,image,sha1,width_height,label,visible_count,visible_indices,stem_tokens,pitch_end,camera_angle,venue,review_notes
train,D:\SportsStrategyCoachAI\datasets\processed\field_datasets\2\train\images\08fd33_0_10_png.rf.538fc395bb51cde4fe63bad22ccee656.jpg,f9ab5b4df2654b3a5ed14cd03a8fc3075aadf9ce,960x960,D:\SportsStrategyCoachAI\datasets\processed\field_datasets\2\train\labels\08fd33_0_10_png.rf.538fc395bb51cde4fe63bad22ccee656.txt,9,"0,9,10,13,14,15,16,30,31",08|fd|33|0|10|png|rf|538|fc|395|bb|51|cde|4|fe|63|bad|22|ccee|656,human_metadata_required,human_metadata_required,human_metadata_required,
train,D:\SportsStrategyCoachAI\datasets\processed\field_datasets\2\train\images\08fd33_0_6_png.rf.8f528dab18122b8e214905d5f4d2089e.jpg,73a4e1e86d83b3d625bfc32ce7af7aefa76c641a,960x960,D:\SportsStrategyCoachAI\datasets\processed\field_datasets\2\train\labels\08fd33_0_6_png.rf.8f528dab18122b8e214905d5f4d2089e.txt,8,"13,14,15,16,17,18,30,31",08|fd|33|0|6|png|rf|8|f|528|dab|18122|b|8|e|214905|d|5|f|4|d|2089|e,human_metadata_required,human_metadata_required,human_metadata_required,
train,D:\SportsStrategyCoachAI\datasets\processed\field_datasets\2\train\images\08fd33_0_9_png.rf.a78dbe0ab0cf8255d6fcd442a3f0c43f.jpg,d897039c5cb62e9babd974a2f1ecfe708e8451cd,960x960,D:\SportsStrategyCoachAI\datasets\processed\field_datasets\2\train\labels\08fd33_0_9_png.rf.a78dbe0ab0cf8255d6fcd442a3f0c43f.txt,6,"13,14,15,16,30,31",08|fd|33|0|9|png|rf|a|78|dbe|0|ab|0|cf|8255|d|6|fcd|442|a|3|f|0|c|43|f,human_metadata_required,human_metadata_required,human_metadata_required,
train,D:\SportsStrategyCoachAI\datasets\processed\field_datasets\2\train\images\08fd33_2_10_png.rf.bfec4c97a3a7a1b9596e3c8b5e36d6df.jpg,a2eae608c2907e46b693fb89454e646991e581e8,960x960,D:\SportsStrategyCoachAI\datasets\processed\field_datasets\2\train\labels\08fd33_2_10_png.rf.bfec4c97a3a7a1b9596e3c8b5e36d6df.txt,16,"0,1,2,3,6,7,8,9,10,11,12,13,14,15,16,30",08|fd|33|2|10|png|rf|bfec|4|c|97|a|3|a|7|a|1|b|9596|e|3|c|8|b|5|e|36|d|6|df,human_metadata_required,human_metadata_required,human_metadata_required,
train,D:\SportsStrategyCoachAI\datasets\processed\field_datasets\2\train\images\08fd33_2_11_png.rf.f585a79b126cbf7317076bcd7d786981.jpg,cce5900da0df156048c9a8431baa1e35bf6b80c1,960x960,D:\SportsStrategyCoachAI\datasets\processed\field_datasets\2\train\labels\08fd33_2_11_png.rf.f585a79b126cbf7317076bcd7d786981.txt,18,"0,1,2,3,4,5,6,7,8,9,10,11,12,13,14,15,16,30",08|fd|33|2|11|png|rf|f|585|a|79|b|126|cbf|7317076|bcd|7|d|786981,human_metadata_required,human_metadata_required,human_metadata_required,
train,D:\SportsStrategyCoachAI\datasets\processed\field_datasets\2\train\images\08fd33_2_12_png.rf.e51c412a6cec46bae8e287b8476854c0.jpg,f35dda11e460b877350e5376ecc26e27d865a606,960x960,D:\SportsStrategyCoachAI\datasets\processed\field_datasets\2\train\labels\08fd33_2_12_png.rf.e51c412a6cec46bae8e287b8476854c0.txt,18,"0,1,2,3,4,5,6,7,8,9,10,11,12,13,14,15,16,30",08|fd|33|2|12|png|rf|e|51|c|412|a|6|cec|46|bae|8|e|287|b|8476854|c|0,human_metadata_required,human_metadata_required,human_metadata_required,
train,D:\SportsStrategyCoachAI\datasets\processed\field_datasets\2\train\images\08fd33_2_13_png.rf.595dda65445c781e8cc735a55df36c08.jpg,ccf7cf125f4f9da4bc3001e9e6df9392cf666f20,960x960,D:\SportsStrategyCoachAI\datasets\processed\field_datasets\2\train\labels\08fd33_2_13_png.rf.595dda65445c781e8cc735a55df36c08.txt,17,"0,1,2,3,4,6,7,8,9,10,11,12,13,14,15,16,30",08|fd|33|2|13|png|rf|595|dda|65445|c|781|e|8|cc|735|a|55|df|36|c|08,human_metadata_required,human_metadata_required,human_metadata_required,
train,D:\SportsStrategyCoachAI\datasets\processed\field_datasets\2\train\images\08fd33_2_1_png.rf.90b930eac07c5112063578f6223339ee.jpg,949b97087aa05aac57be3d2add619b3bda15d8a4,960x960,D:\SportsStrategyCoachAI\datasets\processed\field_datasets\2\train\labels\08fd33_2_1_png.rf.90b930eac07c5112063578f6223339ee.txt,12,"17,18,19,20,21,22,23,24,25,26,27,31",08|fd|33|2|1|png|rf|90|b|930|eac|07|c|5112063578|f|6223339|ee,human_metadata_required,human_metadata_required,human_metadata_required,
train,D:\SportsStrategyCoachAI\datasets\processed\field_datasets\2\train\images\08fd33_2_2_png.rf.fbb47bd6ad709d12db8006ae0c8a0830.jpg,84d65f1a82998051ba988608209f6b1303359ac3,960x960,D:\SportsStrategyCoachAI\datasets\processed\field_datasets\2\train\labels\08fd33_2_2_png.rf.fbb47bd6ad709d12db8006ae0c8a0830.txt,11,"17,18,19,20,21,22,23,24,25,26,31",08|fd|33|2|2|png|rf|fbb|47|bd|6|ad|709|d|12|db|8006|ae|0|c|8|a|0830,human_metadata_required,human_metadata_required,human_metadata_required,
train,D:\SportsStrategyCoachAI\datasets\processed\field_datasets\2\train\images\08fd33_2_7_png.rf.8b94db9338f45ed7a10076e167d81436.jpg,f843f5fc5dadf3aceb97743b369561894287b930,960x960,D:\SportsStrategyCoachAI\datasets\processed\field_datasets\2\train\labels\08fd33_2_7_png.rf.8b94db9338f45ed7a10076e167d81436.txt,18,"0,1,2,3,4,6,7,8,9,10,11,12,13,14,15,16,30,31",08|fd|33|2|7|png|rf|8|b|94|db|9338|f|45|ed|7|a|10076|e|167|d|81436,human_metadata_required,human_metadata_required,human_metadata_required,
train,D:\SportsStrategyCoachAI\datasets\processed\field_datasets\2\train\images\08fd33_2_8_png.rf.1bdf41febe5761d7f51eeb0ff04d11c3.jpg,b30c3ca8f7c5d7d79299d2e7ca1ee4fbf3ed9e6b,960x960,D:\SportsStrategyCoachAI\datasets\processed\field_datasets\2\train\labels\08fd33_2_8_png.rf.1bdf41febe5761d7f51eeb0ff04d11c3.txt,18,"0,1,2,3,4,6,7,8,9,10,11,12,13,14,15,16,30,31",08|fd|33|2|8|png|rf|1|bdf|41|febe|5761|d|7|f|51|eeb|0|ff|04|d|11|c|3,human_metadata_required,human_metadata_required,human_metadata_required,
train,D:\SportsStrategyCoachAI\datasets\processed\field_datasets\2\train\images\08fd33_3_10_png.rf.b81fac83a9b0fceb83d81da5f7c24d25.jpg,1032cee2d5cbe2a0c706e6b60f016728f8fb06b9,960x960,D:\SportsStrategyCoachAI\datasets\processed\field_datasets\2\train\labels\08fd33_3_10_png.rf.b81fac83a9b0fceb83d81da5f7c24d25.txt,9,"9,10,13,14,15,16,17,30,31",08|fd|33|3|10|png|rf|b|81|fac|83|a|9|b|0|fceb|83|d|81|da|5|f|7|c|24|d|25,human_metadata_required,human_metadata_required,human_metadata_required,
train,D:\SportsStrategyCoachAI\datasets\processed\field_datasets\2\train\images\08fd33_3_9_png.rf.c5bc1a7d0f471c946c9a0f85bb32e904.jpg,f10f9dd9b220f5ec49900be291f8e4e94ba4ab74,960x960,D:\SportsStrategyCoachAI\datasets\processed\field_datasets\2\train\labels\08fd33_3_9_png.rf.c5bc1a7d0f471c946c9a0f85bb32e904.txt,10,"0,9,10,11,13,14,15,16,30,31",08|fd|33|3|9|png|rf|c|5|bc|1|a|7|d|0|f|471|c|946|c|9|a|0|f|85|bb|32|e|904,human_metadata_required,human_metadata_required,human_metadata_required,
train,D:\SportsStrategyCoachAI\datasets\processed\field_datasets\2\train\images\08fd33_4_10_png.rf.228f5e884f5dbc5ab11602248d7bf431.jpg,6c15d3ae498944a35990e9bd32c936f7f8668c94,960x960,D:\SportsStrategyCoachAI\datasets\processed\field_datasets\2\train\labels\08fd33_4_10_png.rf.228f5e884f5dbc5ab11602248d7bf431.txt,13,"13,14,15,16,17,18,19,21,22,24,25,30,31",08|fd|33|4|10|png|rf|228|f|5|e|884|f|5|dbc|5|ab|11602248|d|7|bf|431,human_metadata_required,human_metadata_required,human_metadata_required,
train,D:\SportsStrategyCoachAI\datasets\processed\field_datasets\2\train\images\08fd33_4_12_png.rf.9c106b570ed4a54ce66b48981ff96710.jpg,5b0f4a10b5193c2521820d3c3bdc320f37af8756,960x960,D:\SportsStrategyCoachAI\datasets\processed\field_datasets\2\train\labels\08fd33_4_12_png.rf.9c106b570ed4a54ce66b48981ff96710.txt,17,"13,14,15,16,17,18,19,20,21,22,23,24,25,26,27,28,31",08|fd|33|4|12|png|rf|9|c|106|b|570|ed|4|a|54|ce|66|b|48981|ff|96710,human_metadata_required,human_metadata_required,human_metadata_required,
train,D:\SportsStrategyCoachAI\datasets\processed\field_datasets\2\train\images\08fd33_4_13_png.rf.52604d928f719daaebab214b58b3aee9.jpg,b1bece0cb869543ef234929f6cf775d30d5edc0e,960x960,D:\SportsStrategyCoachAI\datasets\processed\field_datasets\2\train\labels\08fd33_4_13_png.rf.52604d928f719daaebab214b58b3aee9.txt,17,"13,14,15,16,17,18,19,20,21,22,23,24,25,26,27,28,31",08|fd|33|4|13|png|rf|52604|d|928|f|719|daaebab|214|b|58|b|3|aee|9,human_metadata_required,human_metadata_required,human_metadata_required,
train,D:\SportsStrategyCoachAI\datasets\processed\field_datasets\2\train\images\08fd33_4_14_png.rf.77a35d776043d634dd321ed5610721ae.jpg,7a39bb58d7f33a938eb9faff0affe405371d2584,960x960,D:\SportsStrategyCoachAI\datasets\processed\field_datasets\2\train\labels\08fd33_4_14_png.rf.77a35d776043d634dd321ed5610721ae.txt,17,"13,14,15,16,17,18,19,20,21,22,23,24,25,26,27,30,31",08|fd|33|4|14|png|rf|77|a|35|d|776043|d|634|dd|321|ed|5610721|ae,human_metadata_required,human_metadata_required,human_metadata_required,
train,D:\SportsStrategyCoachAI\datasets\processed\field_datasets\2\train\images\08fd33_4_15_png.rf.b667a3aa01f4d127d30b840be9b22c6a.jpg,680ee364cd3b5de179f85b60436c6eafc0dc515a,960x960,D:\SportsStrategyCoachAI\datasets\processed\field_datasets\2\train\labels\08fd33_4_15_png.rf.b667a3aa01f4d127d30b840be9b22c6a.txt,17,"13,14,15,16,17,18,19,20,21,22,23,24,25,26,27,30,31",08|fd|33|4|15|png|rf|b|667|a|3|aa|01|f|4|d|127|d|30|b|840|be|9|b|22|c|6|a,human_metadata_required,human_metadata_required,human_metadata_required,
train,D:\SportsStrategyCoachAI\datasets\processed\field_datasets\2\train\images\08fd33_4_1_png.rf.f7efa40b074af14291a45d9cbed51705.jpg,42447ffc0b5d2e6339898ff5fc6f261111d7e8d1,960x960,D:\SportsStrategyCoachAI\datasets\processed\field_datasets\2\train\labels\08fd33_4_1_png.rf.f7efa40b074af14291a45d9cbed51705.txt,13,"13,14,15,16,17,18,19,21,22,24,25,30,31",08|fd|33|4|1|png|rf|f|7|efa|40|b|074|af|14291|a|45|d|9|cbed|51705,human_metadata_required,human_metadata_required,human_metadata_required,
train,D:\SportsStrategyCoachAI\datasets\processed\field_datasets\2\train\images\08fd33_4_2_png.rf.e3d2e937ae29548484189d720781a996.jpg,afd5fe3e7dfabd811f4d9550e6940502ebb4d2d3,960x960,D:\SportsStrategyCoachAI\datasets\processed\field_datasets\2\train\labels\08fd33_4_2_png.rf.e3d2e937ae29548484189d720781a996.txt,9,"13,14,15,16,17,18,24,30,31",08|fd|33|4|2|png|rf|e|3|d|2|e|937|ae|29548484189|d|720781|a|996,human_metadata_required,human_metadata_required,human_metadata_required,
train,D:\SportsStrategyCoachAI\datasets\processed\field_datasets\2\train\images\08fd33_4_8_png.rf.67536f10700c81230f4333190911b2b1.jpg,22e590ef390318d599bfe9821c9f0c46d89ae5d1,960x960,D:\SportsStrategyCoachAI\datasets\processed\field_datasets\2\train\labels\08fd33_4_8_png.rf.67536f10700c81230f4333190911b2b1.txt,8,"9,13,14,15,16,17,30,31",08|fd|33|4|8|png|rf|67536|f|10700|c|81230|f|4333190911|b|2|b|1,human_metadata_required,human_metadata_required,human_metadata_required,
train,D:\SportsStrategyCoachAI\datasets\processed\field_datasets\2\train\images\08fd33_4_9_png.rf.f25b2c6e482f3e67d9c0a0afd200dc0f.jpg,30c9be8ee32e8eb86f99eff615a51b1eb03f935b,960x960,D:\SportsStrategyCoachAI\datasets\processed\field_datasets\2\train\labels\08fd33_4_9_png.rf.f25b2c6e482f3e67d9c0a0afd200dc0f.txt,8,"13,14,15,16,17,18,30,31",08|fd|33|4|9|png|rf|f|25|b|2|c|6|e|482|f|3|e|67|d|9|c|0|a|0|afd|200|dc|0|f,human_metadata_required,human_metadata_required,human_metadata_required,
train,D:\SportsStrategyCoachAI\datasets\processed\field_datasets\2\train\images\08fd33_6_2_png.rf.60819f3a208ddd807112ac1a3ae9d504.jpg,99e2591630f55dfc930d5cb6a4ead58c6b369de4,960x960,D:\SportsStrategyCoachAI\datasets\processed\field_datasets\2\train\labels\08fd33_6_2_png.rf.60819f3a208ddd807112ac1a3ae9d504.txt,7,"13,14,15,16,17,30,31",08|fd|33|6|2|png|rf|60819|f|3|a|208|ddd|807112|ac|1|a|3|ae|9|d|504,human_metadata_required,human_metadata_required,human_metadata_required,
train,D:\SportsStrategyCoachAI\datasets\processed\field_datasets\2\train\images\08fd33_6_4_png.rf.876e9bf47c421c7b3224161675460670.jpg,ac77375362e0c27c72bb70ecb82a4c45ce1d0740,960x960,D:\SportsStrategyCoachAI\datasets\processed\field_datasets\2\train\labels\08fd33_6_4_png.rf.876e9bf47c421c7b3224161675460670.txt,6,"13,14,15,16,30,31",08|fd|33|6|4|png|rf|876|e|9|bf|47|c|421|c|7|b|3224161675460670,human_metadata_required,human_metadata_required,human_metadata_required,
train,D:\SportsStrategyCoachAI\datasets\processed\field_datasets\2\train\images\08fd33_6_6_png.rf.6c5cbc98f4a71e1385dd83d2d9a61774.jpg,2e86473ed7e2c6372600aa783f4ab0eb5e55e137,960x960,D:\SportsStrategyCoachAI\datasets\processed\field_datasets\2\train\labels\08fd33_6_6_png.rf.6c5cbc98f4a71e1385dd83d2d9a61774.txt,13,"0,1,6,8,9,10,11,13,14,15,16,30,31",08|fd|33|6|6|png|rf|6|c|5|cbc|98|f|4|a|71|e|1385|dd|83|d|2|d|9|a|61774,human_metadata_required,human_metadata_required,human_metadata_required,
train,D:\SportsStrategyCoachAI\datasets\processed\field_datasets\2\train\images\08fd33_6_7_png.rf.6df10d3ab88b25709195c4a1d8815f69.jpg,08c41e706818d3439264170ea36ae99f57ba3461,960x960,D:\SportsStrategyCoachAI\datasets\processed\field_datasets\2\train\labels\08fd33_6_7_png.rf.6df10d3ab88b25709195c4a1d8815f69.txt,16,"0,1,2,3,6,7,8,9,10,11,12,13,14,15,16,30",08|fd|33|6|7|png|rf|6|df|10|d|3|ab|88|b|25709195|c|4|a|1|d|8815|f|69,human_metadata_required,human_metadata_required,human_metadata_required,
train,D:\SportsStrategyCoachAI\datasets\processed\field_datasets\2\train\images\08fd33_9_1_png.rf.0fcdec5fcc96b4bb2e71603232b61789.jpg,582d243bb7eb8f94519172edd30ff11103dc0adf,960x960,D:\SportsStrategyCoachAI\datasets\processed\field_datasets\2\train\labels\08fd33_9_1_png.rf.0fcdec5fcc96b4bb2e71603232b61789.txt,13,"16,17,18,19,20,21,22,23,24,25,26,27,31",08|fd|33|9|1|png|rf|0|fcdec|5|fcc|96|b|4|bb|2|e|71603232|b|61789,human_metadata_required,human_metadata_required,human_metadata_required,
train,D:\SportsStrategyCoachAI\datasets\processed\field_datasets\2\train\images\08fd33_9_4_png.rf.cd21f98fc351716daa01a9b3597a37ee.jpg,3eaa4c31c9c4deb3dcbd792fc294e32d934abffb,960x960,D:\SportsStrategyCoachAI\datasets\processed\field_datasets\2\train\labels\08fd33_9_4_png.rf.cd21f98fc351716daa01a9b3597a37ee.txt,15,"13,14,15,16,17,18,19,20,21,22,23,24,25,26,31",08|fd|33|9|4|png|rf|cd|21|f|98|fc|351716|daa|01|a|9|b|3597|a|37|ee,human_metadata_required,human_metadata_required,human_metadata_required,
train,D:\SportsStrategyCoachAI\datasets\processed\field_datasets\2\train\images\08fd33_9_7_png.rf.780a59b0cf9ace52a0bbb50200e05024.jpg,5fc26868691289a0523a186c62982dd81a321811,960x960,D:\SportsStrategyCoachAI\datasets\processed\field_datasets\2\train\labels\08fd33_9_7_png.rf.780a59b0cf9ace52a0bbb50200e05024.txt,13,"13,14,15,16,17,18,19,21,22,24,25,30,31",08|fd|33|9|7|png|rf|780|a|59|b|0|cf|9|ace|52|a|0|bbb|50200|e|05024,human_metadata_required,human_metadata_required,human_metadata_required,
train,D:\SportsStrategyCoachAI\datasets\processed\field_datasets\2\train\images\0a2d9b_2_12_png.rf.3588077755201d134d236bc70bd7070d.jpg,d224f070e7e35e9e3901467489cc4bc2dddb60c1,960x960,D:\SportsStrategyCoachAI\datasets\processed\field_datasets\2\train\labels\0a2d9b_2_12_png.rf.3588077755201d134d236bc70bd7070d.txt,19,"13,14,15,16,17,18,19,20,21,22,23,24,25,26,27,28,29,30,31",0|a|2|d|9|b|2|12|png|rf|3588077755201|d|134|d|236|bc|70|bd|7070|d,human_metadata_required,human_metadata_required,human_metadata_required,
train,D:\SportsStrategyCoachAI\datasets\processed\field_datasets\2\train\images\0a2d9b_2_3_png.rf.808aead2c26f644ce6fc8266ab273cbd.jpg,85deb8f97cd6d5cac30c48d9e1c3f24c85f77819,960x960,D:\SportsStrategyCoachAI\datasets\processed\field_datasets\2\train\labels\0a2d9b_2_3_png.rf.808aead2c26f644ce6fc8266ab273cbd.txt,16,"0,1,2,6,8,9,10,11,12,13,14,15,16,17,30,31",0|a|2|d|9|b|2|3|png|rf|808|aead|2|c|26|f|644|ce|6|fc|8266|ab|273|cbd,human_metadata_required,human_metadata_required,human_metadata_required,
train,D:\SportsStrategyCoachAI\datasets\processed\field_datasets\2\train\images\0a2d9b_6_11_png.rf.31c4e7edd4118e6a8c85db42adb49d28.jpg,a88bb3e2c59bad1f0230b3e4ac35958772a5d8eb,960x960,D:\SportsStrategyCoachAI\datasets\processed\field_datasets\2\train\labels\0a2d9b_6_11_png.rf.31c4e7edd4118e6a8c85db42adb49d28.txt,18,"0,1,2,3,4,5,6,7,8,9,10,11,12,13,14,15,16,30",0|a|2|d|9|b|6|11|png|rf|31|c|4|e|7|edd|4118|e|6|a|8|c|85|db|42|adb|49|d|28,human_metadata_required,human_metadata_required,human_metadata_required,
train,D:\SportsStrategyCoachAI\datasets\processed\field_datasets\2\train\images\0a2d9b_6_12_png.rf.f572c1845efdc638afa4f70696844989.jpg,01b08040c6efb3eb9c4b7c4990fd59fd1d8011df,960x960,D:\SportsStrategyCoachAI\datasets\processed\field_datasets\2\train\labels\0a2d9b_6_12_png.rf.f572c1845efdc638afa4f70696844989.txt,18,"0,1,2,3,4,5,6,7,8,9,10,11,12,13,14,15,16,30",0|a|2|d|9|b|6|12|png|rf|f|572|c|1845|efdc|638|afa|4|f|70696844989,human_metadata_required,human_metadata_required,human_metadata_required,
train,D:\SportsStrategyCoachAI\datasets\processed\field_datasets\2\train\images\0a2d9b_6_1_png.rf.e5da6268d50f565b927f0e3a604c4e16.jpg,04875709979c47bfab87ea20cbc2d0c8f5244a62,960x960,D:\SportsStrategyCoachAI\datasets\processed\field_datasets\2\train\labels\0a2d9b_6_1_png.rf.e5da6268d50f565b927f0e3a604c4e16.txt,12,"13,14,15,16,17,18,19,22,24,25,30,31",0|a|2|d|9|b|6|1|png|rf|e|5|da|6268|d|50|f|565|b|927|f|0|e|3|a|604|c|4|e|16,human_metadata_required,human_metadata_required,human_metadata_required,
train,D:\SportsStrategyCoachAI\datasets\processed\field_datasets\2\train\images\0a2d9b_6_5_png.rf.83d1b35b8fd7a172eecb8f734991fca4.jpg,853717736d752ae7e594c7d2ab3b742fee85d7e3,960x960,D:\SportsStrategyCoachAI\datasets\processed\field_datasets\2\train\labels\0a2d9b_6_5_png.rf.83d1b35b8fd7a172eecb8f734991fca4.txt,8,"13,14,15,16,17,18,30,31",0|a|2|d|9|b|6|5|png|rf|83|d|1|b|35|b|8|fd|7|a|172|eecb|8|f|734991|fca|4,human_metadata_required,human_metadata_required,human_metadata_required,
train,D:\SportsStrategyCoachAI\datasets\processed\field_datasets\2\train\images\0a2d9b_6_6_png.rf.d005ff0e69fa7fbab1b6f6068eba545a.jpg,a8576030e5465eeed64af56affc5626d7a6b4b98,960x960,D:\SportsStrategyCoachAI\datasets\processed\field_datasets\2\train\labels\0a2d9b_6_6_png.rf.d005ff0e69fa7fbab1b6f6068eba545a.txt,8,"9,13,14,15,16,17,30,31",0|a|2|d|9|b|6|6|png|rf|d|005|ff|0|e|69|fa|7|fbab|1|b|6|f|6068|eba|545|a,human_metadata_required,human_metadata_required,human_metadata_required,
train,D:\SportsStrategyCoachAI\datasets\processed\field_datasets\2\train\images\0a2d9b_7_11_png.rf.802c3a0078adbdb2269810c58dc338d3.jpg,48497ac06f411e71d7e3a3fd4663ee43aa1813b0,960x960,D:\SportsStrategyCoachAI\datasets\processed\field_datasets\2\train\labels\0a2d9b_7_11_png.rf.802c3a0078adbdb2269810c58dc338d3.txt,19,"13,14,15,16,17,18,19,20,21,22,23,24,25,26,27,28,29,30,31",0|a|2|d|9|b|7|11|png|rf|802|c|3|a|0078|adbdb|2269810|c|58|dc|338|d|3,human_metadata_required,human_metadata_required,human_metadata_required,
train,D:\SportsStrategyCoachAI\datasets\processed\field_datasets\2\train\images\0a2d9b_7_14_png.rf.51cfa462c6e006b515c8750e8a53a613.jpg,c5553087a342570b1d126aab267e9269c0254477,960x960,D:\SportsStrategyCoachAI\datasets\processed\field_datasets\2\train\labels\0a2d9b_7_14_png.rf.51cfa462c6e006b515c8750e8a53a613.txt,18,"13,14,15,16,17,18,19,20,21,22,23,24,25,26,27,28,30,31",0|a|2|d|9|b|7|14|png|rf|51|cfa|462|c|6|e|006|b|515|c|8750|e|8|a|53|a|613,human_metadata_required,human_metadata_required,human_metadata_required,
train,D:\SportsStrategyCoachAI\datasets\processed\field_datasets\2\train\images\0a2d9b_7_2_png.rf.8c68577f01a042f5d405908d5c5e5b0b.jpg,07a90e8bd820c06eafe7d0a9287743ca8ec30b0a,960x960,D:\SportsStrategyCoachAI\datasets\processed\field_datasets\2\train\labels\0a2d9b_7_2_png.rf.8c68577f01a042f5d405908d5c5e5b0b.txt,17,"0,1,2,3,4,6,7,8,9,10,11,12,13,14,15,16,30",0|a|2|d|9|b|7|2|png|rf|8|c|68577|f|01|a|042|f|5|d|405908|d|5|c|5|e|5|b|0|b,human_metadata_required,human_metadata_required,human_metadata_required,
train,D:\SportsStrategyCoachAI\datasets\processed\field_datasets\2\train\images\0a2d9b_7_9_png.rf.2001ddc5cc8df9a8cf58dc82a978dee9.jpg,a4a54eb5e5383213983c2d9aaa71519de59a4a18,960x960,D:\SportsStrategyCoachAI\datasets\processed\field_datasets\2\train\labels\0a2d9b_7_9_png.rf.2001ddc5cc8df9a8cf58dc82a978dee9.txt,18,"13,14,15,16,17,18,19,20,21,22,23,24,25,26,27,28,30,31",0|a|2|d|9|b|7|9|png|rf|2001|ddc|5|cc|8|df|9|a|8|cf|58|dc|82|a|978|dee|9,human_metadata_required,human_metadata_required,human_metadata_required,
train,D:\SportsStrategyCoachAI\datasets\processed\field_datasets\2\train\images\0bfacc_1_10_png.rf.25561bf33521f0589f965dda5e966628.jpg,d949e7fd921e36fc4f35aaedae4660991dd5d9d7,960x960,D:\SportsStrategyCoachAI\datasets\processed\field_datasets\2\train\labels\0bfacc_1_10_png.rf.25561bf33521f0589f965dda5e966628.txt,17,"0,1,2,3,6,7,8,9,10,11,12,13,14,15,16,30,31",0|bfacc|1|10|png|rf|25561|bf|33521|f|0589|f|965|dda|5|e|966628,human_metadata_required,human_metadata_required,human_metadata_required,
train,D:\SportsStrategyCoachAI\datasets\processed\field_datasets\2\train\images\0bfacc_1_12_png.rf.8e11ada55acec9d67bba07220d55bff6.jpg,ad1c338c5f99984d9a6181849ace920c6ed4df76,960x960,D:\SportsStrategyCoachAI\datasets\processed\field_datasets\2\train\labels\0bfacc_1_12_png.rf.8e11ada55acec9d67bba07220d55bff6.txt,17,"0,1,2,3,4,6,7,8,9,10,11,12,13,14,15,16,30",0|bfacc|1|12|png|rf|8|e|11|ada|55|acec|9|d|67|bba|07220|d|55|bff|6,human_metadata_required,human_metadata_required,human_metadata_required,
train,D:\SportsStrategyCoachAI\datasets\processed\field_datasets\2\train\images\0bfacc_1_13_png.rf.6ec237cce9454365505e142a3403e7dc.jpg,03df1ea9bb6fb845d7babe598285a79262682f38,960x960,D:\SportsStrategyCoachAI\datasets\processed\field_datasets\2\train\labels\0bfacc_1_13_png.rf.6ec237cce9454365505e142a3403e7dc.txt,17,"0,1,2,3,4,6,7,8,9,10,11,12,13,14,15,16,30",0|bfacc|1|13|png|rf|6|ec|237|cce|9454365505|e|142|a|3403|e|7|dc,human_metadata_required,human_metadata_required,human_metadata_required,
train,D:\SportsStrategyCoachAI\datasets\processed\field_datasets\2\train\images\0bfacc_1_14_png.rf.106c0af904ff10560a5c000280acdd1c.jpg,7725df2912e8f4528232a16e703efd7ee1be22d8,960x960,D:\SportsStrategyCoachAI\datasets\processed\field_datasets\2\train\labels\0bfacc_1_14_png.rf.106c0af904ff10560a5c000280acdd1c.txt,15,"0,1,2,3,4,6,7,8,9,10,11,12,15,16,30",0|bfacc|1|14|png|rf|106|c|0|af|904|ff|10560|a|5|c|000280|acdd|1|c,human_metadata_required,human_metadata_required,human_metadata_required,
train,D:\SportsStrategyCoachAI\datasets\processed\field_datasets\2\train\images\0bfacc_1_15_png.rf.862ca3d2d2c81c6b4ac62add2c1c1a72.jpg,c45722ad4178d313c32a78bf600c0a684deba7f4,960x960,D:\SportsStrategyCoachAI\datasets\processed\field_datasets\2\train\labels\0bfacc_1_15_png.rf.862ca3d2d2c81c6b4ac62add2c1c1a72.txt,17,"0,1,2,3,4,6,7,8,9,10,11,12,13,14,15,16,30",0|bfacc|1|15|png|rf|862|ca|3|d|2|d|2|c|81|c|6|b|4|ac|62|add|2|c|1|c|1|a|72,human_metadata_required,human_metadata_required,human_metadata_required,
train,D:\SportsStrategyCoachAI\datasets\processed\field_datasets\2\train\images\0bfacc_1_2_png.rf.b12c47d2d97bce7e66e5ea77db336e2e.jpg,4b32124f0ba8cb4ad12286c6fd3db2f22269f7c6,960x960,D:\SportsStrategyCoachAI\datasets\processed\field_datasets\2\train\labels\0bfacc_1_2_png.rf.b12c47d2d97bce7e66e5ea77db336e2e.txt,16,"13,14,15,16,17,18,19,20,21,22,23,24,25,26,30,31",0|bfacc|1|2|png|rf|b|12|c|47|d|2|d|97|bce|7|e|66|e|5|ea|77|db|336|e|2|e,human_metadata_required,human_metadata_required,human_metadata_required,
train,D:\SportsStrategyCoachAI\datasets\processed\field_datasets\2\train\images\0bfacc_1_3_png.rf.e4e8037cf4115856a0f7788b167fd55b.jpg,1ecc7018faec8bac42b79b816a6c6e4e1b207747,960x960,D:\SportsStrategyCoachAI\datasets\processed\field_datasets\2\train\labels\0bfacc_1_3_png.rf.e4e8037cf4115856a0f7788b167fd55b.txt,16,"13,14,15,16,17,18,19,20,21,22,23,24,25,26,30,31",0|bfacc|1|3|png|rf|e|4|e|8037|cf|4115856|a|0|f|7788|b|167|fd|55|b,human_metadata_required,human_metadata_required,human_metadata_required,
train,D:\SportsStrategyCoachAI\datasets\processed\field_datasets\2\train\images\0bfacc_1_4_png.rf.6a0c54f6b9e9ff61dcc26aad25b61f9e.jpg,48a0358be9694d0e5e8c6f77608a72ad543b7e90,960x960,D:\SportsStrategyCoachAI\datasets\processed\field_datasets\2\train\labels\0bfacc_1_4_png.rf.6a0c54f6b9e9ff61dcc26aad25b61f9e.txt,16,"13,14,15,16,17,18,19,20,21,22,23,24,25,26,30,31",0|bfacc|1|4|png|rf|6|a|0|c|54|f|6|b|9|e|9|ff|61|dcc|26|aad|25|b|61|f|9|e,human_metadata_required,human_metadata_required,human_metadata_required,
train,D:\SportsStrategyCoachAI\datasets\processed\field_datasets\2\train\images\0bfacc_1_7_png.rf.e72282eea84931af40c89e6bf5d2f55e.jpg,3d03b3a8d6585fbd5af29fb08bc4ce424ae81537,960x960,D:\SportsStrategyCoachAI\datasets\processed\field_datasets\2\train\labels\0bfacc_1_7_png.rf.e72282eea84931af40c89e6bf5d2f55e.txt,11,"8,13,14,15,16,17,18,19,24,30,31",0|bfacc|1|7|png|rf|e|72282|eea|84931|af|40|c|89|e|6|bf|5|d|2|f|55|e,human_metadata_required,human_metadata_required,human_metadata_required,
train,D:\SportsStrategyCoachAI\datasets\processed\field_datasets\2\train\images\0bfacc_1_8_png.rf.08dfd2ca8ec648ea8fda3181bdde76e0.jpg,e932fa47e553616dd2c6a815bbe3bfac8472e07b,960x960,D:\SportsStrategyCoachAI\datasets\processed\field_datasets\2\train\labels\0bfacc_1_8_png.rf.08dfd2ca8ec648ea8fda3181bdde76e0.txt,8,"9,10,13,14,15,16,30,31",0|bfacc|1|8|png|rf|08|dfd|2|ca|8|ec|648|ea|8|fda|3181|bdde|76|e|0,human_metadata_required,human_metadata_required,human_metadata_required,
train,D:\SportsStrategyCoachAI\datasets\processed\field_datasets\2\train\images\121364_3_10_png.rf.b66269aaefac8e9869b9b65ced824eaf.jpg,0e7111461d617d4f4261fd72f820eeb8a52578c1,960x960,D:\SportsStrategyCoachAI\datasets\processed\field_datasets\2\train\labels\121364_3_10_png.rf.b66269aaefac8e9869b9b65ced824eaf.txt,9,"9,13,14,15,17,18,24,30,31",121364|3|10|png|rf|b|66269|aaefac|8|e|9869|b|9|b|65|ced|824|eaf,human_metadata_required,human_metadata_required,human_metadata_required,
train,D:\SportsStrategyCoachAI\datasets\processed\field_datasets\2\train\images\121364_3_11_png.rf.54a096acf454d192d7870f8d83cd42b1.jpg,3aafac7b723cf50c1fec50c0ad63665bc0484871,960x960,D:\SportsStrategyCoachAI\datasets\processed\field_datasets\2\train\labels\121364_3_11_png.rf.54a096acf454d192d7870f8d83cd42b1.txt,7,"13,14,15,17,18,30,31",121364|3|11|png|rf|54|a|096|acf|454|d|192|d|7870|f|8|d|83|cd|42|b|1,human_metadata_required,human_metadata_required,human_metadata_required,
train,D:\SportsStrategyCoachAI\datasets\processed\field_datasets\2\train\images\121364_3_12_png.rf.13e9cfcf5fadbc6fffb86fa15df02f99.jpg,3a0ae06e1d6d9379fcaf00ddb1aa7d3c95a679c4,960x960,D:\SportsStrategyCoachAI\datasets\processed\field_datasets\2\train\labels\121364_3_12_png.rf.13e9cfcf5fadbc6fffb86fa15df02f99.txt,8,"0,9,10,13,14,15,30,31",121364|3|12|png|rf|13|e|9|cfcf|5|fadbc|6|fffb|86|fa|15|df|02|f|99,human_metadata_required,human_metadata_required,human_metadata_required,
train,D:\SportsStrategyCoachAI\datasets\processed\field_datasets\2\train\images\121364_3_13_png.rf.ced0806e6d11945eb360f573730178a9.jpg,7a40a1a2caf24fcb2995395aa3e7dd1d4a73a7e2,960x960,D:\SportsStrategyCoachAI\datasets\processed\field_datasets\2\train\labels\121364_3_13_png.rf.ced0806e6d11945eb360f573730178a9.txt,14,"0,1,2,6,8,9,10,11,12,13,14,15,30,31",121364|3|13|png|rf|ced|0806|e|6|d|11945|eb|360|f|573730178|a|9,human_metadata_required,human_metadata_required,human_metadata_required,
train,D:\SportsStrategyCoachAI\datasets\processed\field_datasets\2\train\images\121364_3_14_png.rf.0401c835da3cdd0029af08e56bd260bf.jpg,e14e2868d86f4df61e2999e6e9310f89dbc8dc0b,960x960,D:\SportsStrategyCoachAI\datasets\processed\field_datasets\2\train\labels\121364_3_14_png.rf.0401c835da3cdd0029af08e56bd260bf.txt,16,"0,1,2,3,6,7,8,9,10,11,12,13,14,15,30,31",121364|3|14|png|rf|0401|c|835|da|3|cdd|0029|af|08|e|56|bd|260|bf,human_metadata_required,human_metadata_required,human_metadata_required,
train,D:\SportsStrategyCoachAI\datasets\processed\field_datasets\2\train\images\121364_3_15_png.rf.93d2272c5b6ced633e51682ab939fc47.jpg,53bfb1945c06de798a63fd89eb7166b53598c76f,960x960,D:\SportsStrategyCoachAI\datasets\processed\field_datasets\2\train\labels\121364_3_15_png.rf.93d2272c5b6ced633e51682ab939fc47.txt,17,"0,1,2,3,4,6,7,8,9,10,11,12,13,14,15,30,31",121364|3|15|png|rf|93|d|2272|c|5|b|6|ced|633|e|51682|ab|939|fc|47,human_metadata_required,human_metadata_required,human_metadata_required,
train,D:\SportsStrategyCoachAI\datasets\processed\field_datasets\2\train\images\121364_3_2_png.rf.19b54b9977946b67986c0d01f68192f8.jpg,3882e31a8f92cb14568848c95c5301d71284e7c0,960x960,D:\SportsStrategyCoachAI\datasets\processed\field_datasets\2\train\labels\121364_3_2_png.rf.19b54b9977946b67986c0d01f68192f8.txt,16,"0,1,2,3,6,7,8,9,10,11,12,13,14,15,30,31",121364|3|2|png|rf|19|b|54|b|9977946|b|67986|c|0|d|01|f|68192|f|8,human_metadata_required,human_metadata_required,human_metadata_required,
train,D:\SportsStrategyCoachAI\datasets\processed\field_datasets\2\train\images\121364_3_3_png.rf.46e4708e49b70d4ac89669e6fe669932.jpg,3e5b8d6cd627c92d9ef14d1ce9c6b0970e6b18f4,960x960,D:\SportsStrategyCoachAI\datasets\processed\field_datasets\2\train\labels\121364_3_3_png.rf.46e4708e49b70d4ac89669e6fe669932.txt,16,"0,1,2,3,6,7,8,9,10,11,12,13,14,15,30,31",121364|3|3|png|rf|46|e|4708|e|49|b|70|d|4|ac|89669|e|6|fe|669932,human_metadata_required,human_metadata_required,human_metadata_required,
train,D:\SportsStrategyCoachAI\datasets\processed\field_datasets\2\train\images\121364_3_8_png.rf.86a147fc5f65a2c80d1d264bd298c70c.jpg,950db4eea25575e53038d08033dfd35143940464,960x960,D:\SportsStrategyCoachAI\datasets\processed\field_datasets\2\train\labels\121364_3_8_png.rf.86a147fc5f65a2c80d1d264bd298c70c.txt,12,"0,1,6,8,9,10,11,13,14,15,30,31",121364|3|8|png|rf|86|a|147|fc|5|f|65|a|2|c|80|d|1|d|264|bd|298|c|70|c,human_metadata_required,human_metadata_required,human_metadata_required,
train,D:\SportsStrategyCoachAI\datasets\processed\field_datasets\2\train\images\121364_4_10_png.rf.0832a9cce6842b1e42cfef423bffdfe2.jpg,2144d60a71dac7219b2e8e5034afa4bb32dd2555,960x960,D:\SportsStrategyCoachAI\datasets\processed\field_datasets\2\train\labels\121364_4_10_png.rf.0832a9cce6842b1e42cfef423bffdfe2.txt,16,"0,1,2,3,4,6,7,8,9,10,11,12,13,14,15,30",121364|4|10|png|rf|0832|a|9|cce|6842|b|1|e|42|cfef|423|bffdfe|2,human_metadata_required,human_metadata_required,human_metadata_required,
train,D:\SportsStrategyCoachAI\datasets\processed\field_datasets\2\train\images\121364_4_11_png.rf.6f672607ce244cd987472aaaed71f724.jpg,db482ad9223b66ff07ee3df00f250441f64bbc20,960x960,D:\SportsStrategyCoachAI\datasets\processed\field_datasets\2\train\labels\121364_4_11_png.rf.6f672607ce244cd987472aaaed71f724.txt,16,"0,1,2,3,4,6,7,8,9,10,11,12,13,14,15,30",121364|4|11|png|rf|6|f|672607|ce|244|cd|987472|aaaed|71|f|724,human_metadata_required,human_metadata_required,human_metadata_required,
train,D:\SportsStrategyCoachAI\datasets\processed\field_datasets\2\train\images\121364_4_12_png.rf.8cdfeb72499e0652df16a3e9d0840d59.jpg,a11a6904b9f2c128749c08522577fa7419304b1c,960x960,D:\SportsStrategyCoachAI\datasets\processed\field_datasets\2\train\labels\121364_4_12_png.rf.8cdfeb72499e0652df16a3e9d0840d59.txt,17,"0,1,2,3,6,7,8,9,10,11,12,13,14,15,16,30,31",121364|4|12|png|rf|8|cdfeb|72499|e|0652|df|16|a|3|e|9|d|0840|d|59,human_metadata_required,human_metadata_required,human_metadata_required,
train,D:\SportsStrategyCoachAI\datasets\processed\field_datasets\2\train\images\121364_4_15_png.rf.5eafe3291db7469102638630597247be.jpg,461f06cc62075427aeebb7fc2dd6c248c32d2020,960x960,D:\SportsStrategyCoachAI\datasets\processed\field_datasets\2\train\labels\121364_4_15_png.rf.5eafe3291db7469102638630597247be.txt,16,"0,1,2,6,8,9,10,11,13,14,15,16,17,18,30,31",121364|4|15|png|rf|5|eafe|3291|db|7469102638630597247|be,human_metadata_required,human_metadata_required,human_metadata_required,
train,D:\SportsStrategyCoachAI\datasets\processed\field_datasets\2\train\images\121364_4_2_png.rf.84a7b8096117bbdb106b4d7e245ee64a.jpg,1b4ea9b0ebcb5c4a83d3ba944177e4fccaa27186,960x960,D:\SportsStrategyCoachAI\datasets\processed\field_datasets\2\train\labels\121364_4_2_png.rf.84a7b8096117bbdb106b4d7e245ee64a.txt,14,"0,1,2,3,4,5,6,7,8,9,10,11,12,30",121364|4|2|png|rf|84|a|7|b|8096117|bbdb|106|b|4|d|7|e|245|ee|64|a,human_metadata_required,human_metadata_required,human_metadata_required,
train,D:\SportsStrategyCoachAI\datasets\processed\field_datasets\2\train\images\121364_4_3_png.rf.16ef524fe74c60432b0b746e400bf8ae.jpg,5b0b6bb8826e6cb8858968d3031923e90f5455ff,960x960,D:\SportsStrategyCoachAI\datasets\processed\field_datasets\2\train\labels\121364_4_3_png.rf.16ef524fe74c60432b0b746e400bf8ae.txt,14,"0,1,2,3,4,5,6,7,8,9,10,11,12,30",121364|4|3|png|rf|16|ef|524|fe|74|c|60432|b|0|b|746|e|400|bf|8|ae,human_metadata_required,human_metadata_required,human_metadata_required,
train,D:\SportsStrategyCoachAI\datasets\processed\field_datasets\2\train\images\121364_4_4_png.rf.e5054e117ce9101ad21924e079090001.jpg,4798a58e8385ba233184f3b70994cc7374282a75,960x960,D:\SportsStrategyCoachAI\datasets\processed\field_datasets\2\train\labels\121364_4_4_png.rf.e5054e117ce9101ad21924e079090001.txt,14,"0,1,2,3,4,5,6,7,8,9,10,11,12,30",121364|4|4|png|rf|e|5054|e|117|ce|9101|ad|21924|e|079090001,human_metadata_required,human_metadata_required,human_metadata_required,
train,D:\SportsStrategyCoachAI\datasets\processed\field_datasets\2\train\images\121364_4_5_png.rf.a21d0f7d6e19f453d366306bc39ecd8c.jpg,3df607260da7b140619b10227a54a55e6fa6ad41,960x960,D:\SportsStrategyCoachAI\datasets\processed\field_datasets\2\train\labels\121364_4_5_png.rf.a21d0f7d6e19f453d366306bc39ecd8c.txt,14,"0,1,2,3,4,5,6,7,8,9,10,11,12,30",121364|4|5|png|rf|a|21|d|0|f|7|d|6|e|19|f|453|d|366306|bc|39|ecd|8|c,human_metadata_required,human_metadata_required,human_metadata_required,
train,D:\SportsStrategyCoachAI\datasets\processed\field_datasets\2\train\images\121364_4_6_png.rf.8639dd156ad089320dd67ce94b386099.jpg,2e003151c25d74e15b86a687aa729b9f35be4877,960x960,D:\SportsStrategyCoachAI\datasets\processed\field_datasets\2\train\labels\121364_4_6_png.rf.8639dd156ad089320dd67ce94b386099.txt,14,"0,1,2,3,4,5,6,7,8,9,10,11,12,30",121364|4|6|png|rf|8639|dd|156|ad|089320|dd|67|ce|94|b|386099,human_metadata_required,human_metadata_required,human_metadata_required,
train,D:\SportsStrategyCoachAI\datasets\processed\field_datasets\2\train\images\121364_4_7_png.rf.316e01375217d4ae7c5874a21c0d4550.jpg,edef3cc35f0a926a592927e08dbf2e0de95894ce,960x960,D:\SportsStrategyCoachAI\datasets\processed\field_datasets\2\train\labels\121364_4_7_png.rf.316e01375217d4ae7c5874a21c0d4550.txt,17,"0,1,2,3,4,5,6,7,8,9,10,11,12,13,14,15,30",121364|4|7|png|rf|316|e|01375217|d|4|ae|7|c|5874|a|21|c|0|d|4550,human_metadata_required,human_metadata_required,human_metadata_required,
train,D:\SportsStrategyCoachAI\datasets\processed\field_datasets\2\train\images\121364_4_8_png.rf.ab20fab3e21a56e4c80e3fe34be3c309.jpg,7c23879a91b901990013df5a490c7c2bf0a3e7ab,960x960,D:\SportsStrategyCoachAI\datasets\processed\field_datasets\2\train\labels\121364_4_8_png.rf.ab20fab3e21a56e4c80e3fe34be3c309.txt,16,"0,1,2,3,4,6,7,8,9,10,11,12,13,14,15,30",121364|4|8|png|rf|ab|20|fab|3|e|21|a|56|e|4|c|80|e|3|fe|34|be|3|c|309,human_metadata_required,human_metadata_required,human_metadata_required,
train,D:\SportsStrategyCoachAI\datasets\processed\field_datasets\2\train\images\121364_4_9_png.rf.4f6d571ba17e38d9fd8f7d8831919b5e.jpg,8cd427eae66ad227097784b36bf7c24b40932b2e,960x960,D:\SportsStrategyCoachAI\datasets\processed\field_datasets\2\train\labels\121364_4_9_png.rf.4f6d571ba17e38d9fd8f7d8831919b5e.txt,16,"0,1,2,3,4,6,7,8,9,10,11,12,13,14,15,30",121364|4|9|png|rf|4|f|6|d|571|ba|17|e|38|d|9|fd|8|f|7|d|8831919|b|5|e,human_metadata_required,human_metadata_required,human_metadata_required,
train,D:\SportsStrategyCoachAI\datasets\processed\field_datasets\2\train\images\121364_7_10_png.rf.b9e1eb482a3e8d309d45a95c6c230eac.jpg,a79eecbd6331f679fc562b1d70be753d7e05751c,960x960,D:\SportsStrategyCoachAI\datasets\processed\field_datasets\2\train\labels\121364_7_10_png.rf.b9e1eb482a3e8d309d45a95c6c230eac.txt,9,"0,9,10,13,14,15,17,30,31",121364|7|10|png|rf|b|9|e|1|eb|482|a|3|e|8|d|309|d|45|a|95|c|6|c|230|eac,human_metadata_required,human_metadata_required,human_metadata_required,
train,D:\SportsStrategyCoachAI\datasets\processed\field_datasets\2\train\images\121364_7_2_png.rf.d00d123c40efe3c394841bf00a7634af.jpg,92457a5bd5d689b0d12775566b5e37d0b9d647eb,960x960,D:\SportsStrategyCoachAI\datasets\processed\field_datasets\2\train\labels\121364_7_2_png.rf.d00d123c40efe3c394841bf00a7634af.txt,15,"13,14,15,17,18,19,20,21,22,23,24,25,26,27,31",121364|7|2|png|rf|d|00|d|123|c|40|efe|3|c|394841|bf|00|a|7634|af,human_metadata_required,human_metadata_required,human_metadata_required,
train,D:\SportsStrategyCoachAI\datasets\processed\field_datasets\2\train\images\121364_7_3_png.rf.7bfb467e1bbe6d22f2eefd6a0aaaa688.jpg,2ea352728779b45419b0e4c4f7bc5e476c3d51b2,960x960,D:\SportsStrategyCoachAI\datasets\processed\field_datasets\2\train\labels\121364_7_3_png.rf.7bfb467e1bbe6d22f2eefd6a0aaaa688.txt,15,"13,14,15,17,18,19,20,21,22,23,24,25,26,27,31",121364|7|3|png|rf|7|bfb|467|e|1|bbe|6|d|22|f|2|eefd|6|a|0|aaaa|688,human_metadata_required,human_metadata_required,human_metadata_required,
train,D:\SportsStrategyCoachAI\datasets\processed\field_datasets\2\train\images\121364_7_4_png.rf.6b872d327647faf2a66b28195b7656a8.jpg,271b311c5b84adf38fe064097b1e33473f212b4f,960x960,D:\SportsStrategyCoachAI\datasets\processed\field_datasets\2\train\labels\121364_7_4_png.rf.6b872d327647faf2a66b28195b7656a8.txt,15,"13,14,15,17,18,19,20,21,22,23,24,25,26,27,31",121364|7|4|png|rf|6|b|872|d|327647|faf|2|a|66|b|28195|b|7656|a|8,human_metadata_required,human_metadata_required,human_metadata_required,
train,D:\SportsStrategyCoachAI\datasets\processed\field_datasets\2\train\images\121364_7_8_png.rf.ee0182352504ad9965363e6c07100a8c.jpg,1e8d170dde946ecc406c878f7d19b4d49e1baf26,960x960,D:\SportsStrategyCoachAI\datasets\processed\field_datasets\2\train\labels\121364_7_8_png.rf.ee0182352504ad9965363e6c07100a8c.txt,13,"13,14,15,17,18,19,21,22,24,25,26,30,31",121364|7|8|png|rf|ee|0182352504|ad|9965363|e|6|c|07100|a|8|c,human_metadata_required,human_metadata_required,human_metadata_required,
train,D:\SportsStrategyCoachAI\datasets\processed\field_datasets\2\train\images\121364_7_9_png.rf.2345c02f988c5a252c89c520f91b0c17.jpg,58a5431e385469aeaadc854251d22ed54817f28e,960x960,D:\SportsStrategyCoachAI\datasets\processed\field_datasets\2\train\labels\121364_7_9_png.rf.2345c02f988c5a252c89c520f91b0c17.txt,11,"9,13,14,15,17,18,19,24,25,30,31",121364|7|9|png|rf|2345|c|02|f|988|c|5|a|252|c|89|c|520|f|91|b|0|c|17,human_metadata_required,human_metadata_required,human_metadata_required,
train,D:\SportsStrategyCoachAI\datasets\processed\field_datasets\2\train\images\121364_9_10_png.rf.dba39f975bff29c1c14dff502af99402.jpg,fc997c51faca934102e004b9faf342ae3a5c0f00,960x960,D:\SportsStrategyCoachAI\datasets\processed\field_datasets\2\train\labels\121364_9_10_png.rf.dba39f975bff29c1c14dff502af99402.txt,15,"0,1,2,3,6,7,8,9,10,11,12,13,14,15,30",121364|9|10|png|rf|dba|39|f|975|bff|29|c|1|c|14|dff|502|af|99402,human_metadata_required,human_metadata_required,human_metadata_required,
train,D:\SportsStrategyCoachAI\datasets\processed\field_datasets\2\train\images\121364_9_1_png.rf.43c8bfdd6d019eb1fa8fd9963db5a018.jpg,1907c4c7b505ff7aee6eb60dda8d03f84a3a4026,960x960,D:\SportsStrategyCoachAI\datasets\processed\field_datasets\2\train\labels\121364_9_1_png.rf.43c8bfdd6d019eb1fa8fd9963db5a018.txt,14,"13,14,15,16,17,18,19,21,22,24,25,26,30,31",121364|9|1|png|rf|43|c|8|bfdd|6|d|019|eb|1|fa|8|fd|9963|db|5|a|018,human_metadata_required,human_metadata_required,human_metadata_required,
train,D:\SportsStrategyCoachAI\datasets\processed\field_datasets\2\train\images\121364_9_3_png.rf.fc27d96384079432833a5561bbd3e08d.jpg,03c17e34d0740d9a7cb80789ff96af5105ecb48f,960x960,D:\SportsStrategyCoachAI\datasets\processed\field_datasets\2\train\labels\121364_9_3_png.rf.fc27d96384079432833a5561bbd3e08d.txt,12,"0,9,10,13,14,15,16,17,18,24,30,31",121364|9|3|png|rf|fc|27|d|96384079432833|a|5561|bbd|3|e|08|d,human_metadata_required,human_metadata_required,human_metadata_required,
train,D:\SportsStrategyCoachAI\datasets\processed\field_datasets\2\train\images\121364_9_4_png.rf.bb7108e3f3a9bb17dc6ad3dfd6c78561.jpg,5cae5f8b531791aced7cb7a2e64ba2be076721ec,960x960,D:\SportsStrategyCoachAI\datasets\processed\field_datasets\2\train\labels\121364_9_4_png.rf.bb7108e3f3a9bb17dc6ad3dfd6c78561.txt,11,"9,10,13,14,15,16,17,18,24,30,31",121364|9|4|png|rf|bb|7108|e|3|f|3|a|9|bb|17|dc|6|ad|3|dfd|6|c|78561,human_metadata_required,human_metadata_required,human_metadata_required,
train,D:\SportsStrategyCoachAI\datasets\processed\field_datasets\2\train\images\121364_9_5_png.rf.d396a2de83a873879a4386a81fdc4a3a.jpg,895060e7706ac443dd8eafb3e47e86d70f81a2eb,960x960,D:\SportsStrategyCoachAI\datasets\processed\field_datasets\2\train\labels\121364_9_5_png.rf.d396a2de83a873879a4386a81fdc4a3a.txt,10,"0,1,9,10,11,13,14,15,30,31",121364|9|5|png|rf|d|396|a|2|de|83|a|873879|a|4386|a|81|fdc|4|a|3|a,human_metadata_required,human_metadata_required,human_metadata_required,
train,D:\SportsStrategyCoachAI\datasets\processed\field_datasets\2\train\images\121364_9_6_png.rf.3f2bad88895017b8a0f609ea16cc01ac.jpg,a9636ed041511968a837c57c8b9d9fb39971e425,960x960,D:\SportsStrategyCoachAI\datasets\processed\field_datasets\2\train\labels\121364_9_6_png.rf.3f2bad88895017b8a0f609ea16cc01ac.txt,17,"0,1,2,3,4,6,7,8,9,10,11,12,13,14,15,30,31",121364|9|6|png|rf|3|f|2|bad|88895017|b|8|a|0|f|609|ea|16|cc|01|ac,human_metadata_required,human_metadata_required,human_metadata_required,
train,D:\SportsStrategyCoachAI\datasets\processed\field_datasets\2\train\images\121364_9_7_png.rf.b90cd3f0227933bb1d2718f2169e1530.jpg,8022d5b967ec06fd973d62eaa240c5068973ed6b,960x960,D:\SportsStrategyCoachAI\datasets\processed\field_datasets\2\train\labels\121364_9_7_png.rf.b90cd3f0227933bb1d2718f2169e1530.txt,17,"0,1,2,3,4,6,7,8,9,10,11,12,13,14,15,30,31",121364|9|7|png|rf|b|90|cd|3|f|0227933|bb|1|d|2718|f|2169|e|1530,human_metadata_required,human_metadata_required,human_metadata_required,
train,D:\SportsStrategyCoachAI\datasets\processed\field_datasets\2\train\images\121364_9_9_png.rf.09148d7a50c5ccce83b2abb4c139abf2.jpg,a99a3c498ea092fc256353f9161926f28760fe05,960x960,D:\SportsStrategyCoachAI\datasets\processed\field_datasets\2\train\labels\121364_9_9_png.rf.09148d7a50c5ccce83b2abb4c139abf2.txt,15,"0,1,2,3,6,7,8,9,10,11,12,13,14,15,30",121364|9|9|png|rf|09148|d|7|a|50|c|5|ccce|83|b|2|abb|4|c|139|abf|2,human_metadata_required,human_metadata_required,human_metadata_required,
train,D:\SportsStrategyCoachAI\datasets\processed\field_datasets\2\train\images\2e57b9_1_1_png.rf.3c30aabceeeeb21df04c369c3bd8a903.jpg,80e7b92e4629aaaaf6712b0447a23bd710837f4e,960x960,D:\SportsStrategyCoachAI\datasets\processed\field_datasets\2\train\labels\2e57b9_1_1_png.rf.3c30aabceeeeb21df04c369c3bd8a903.txt,16,"0,1,2,3,6,7,8,9,10,11,12,13,14,15,16,30",2|e|57|b|9|1|1|png|rf|3|c|30|aabceeeeb|21|df|04|c|369|c|3|bd|8|a|903,human_metadata_required,human_metadata_required,human_metadata_required,
train,D:\SportsStrategyCoachAI\datasets\processed\field_datasets\2\train\images\2e57b9_2_10_png.rf.5cbf18a62bc773bbb1d41ba42f7f57c2.jpg,fc5ca6e0f11b9f767b98b5bb087cad6390b18223,960x960,D:\SportsStrategyCoachAI\datasets\processed\field_datasets\2\train\labels\2e57b9_2_10_png.rf.5cbf18a62bc773bbb1d41ba42f7f57c2.txt,18,"13,14,15,16,17,18,19,20,21,22,23,24,25,26,27,28,30,31",2|e|57|b|9|2|10|png|rf|5|cbf|18|a|62|bc|773|bbb|1|d|41|ba|42|f|7|f|57|c|2,human_metadata_required,human_metadata_required,human_metadata_required,
train,D:\SportsStrategyCoachAI\datasets\processed\field_datasets\2\train\images\2e57b9_2_13_png.rf.9b0be2f6a85f5669be03c683a57f4b3f.jpg,95b83978a7a1d36792e65838ea55aa3a6ddd517d,960x960,D:\SportsStrategyCoachAI\datasets\processed\field_datasets\2\train\labels\2e57b9_2_13_png.rf.9b0be2f6a85f5669be03c683a57f4b3f.txt,18,"13,14,15,16,17,18,19,20,21,22,23,24,25,26,27,28,30,31",2|e|57|b|9|2|13|png|rf|9|b|0|be|2|f|6|a|85|f|5669|be|03|c|683|a|57|f|4|b|3|f,human_metadata_required,human_metadata_required,human_metadata_required,
train,D:\SportsStrategyCoachAI\datasets\processed\field_datasets\2\train\images\2e57b9_2_15_png.rf.b7abaac9d7384c854c7f6b94c51155fa.jpg,370f4383dbf670b3e0440976ebc50de10945b022,960x960,D:\SportsStrategyCoachAI\datasets\processed\field_datasets\2\train\labels\2e57b9_2_15_png.rf.b7abaac9d7384c854c7f6b94c51155fa.txt,18,"13,14,15,16,17,18,19,20,21,22,23,24,25,26,27,28,30,31",2|e|57|b|9|2|15|png|rf|b|7|abaac|9|d|7384|c|854|c|7|f|6|b|94|c|51155|fa,human_metadata_required,human_metadata_required,human_metadata_required,
train,D:\SportsStrategyCoachAI\datasets\processed\field_datasets\2\train\images\2e57b9_2_1_png.rf.9c77c40facb4b4a958e850ca54fc6582.jpg,7d0dafede273b95f7a2af2288953df15efe1b86f,960x960,D:\SportsStrategyCoachAI\datasets\processed\field_datasets\2\train\labels\2e57b9_2_1_png.rf.9c77c40facb4b4a958e850ca54fc6582.txt,15,"9,13,14,15,16,17,18,19,21,22,24,25,26,30,31",2|e|57|b|9|2|1|png|rf|9|c|77|c|40|facb|4|b|4|a|958|e|850|ca|54|fc|6582,human_metadata_required,human_metadata_required,human_metadata_required,
train,D:\SportsStrategyCoachAI\datasets\processed\field_datasets\2\train\images\2e57b9_3_1_png.rf.00e7adbda8ab7704b85a2163c99b9d0f.jpg,9e873f4734a6fbfe733ec0f68889971799ff85c4,960x960,D:\SportsStrategyCoachAI\datasets\processed\field_datasets\2\train\labels\2e57b9_3_1_png.rf.00e7adbda8ab7704b85a2163c99b9d0f.txt,16,"0,1,6,8,9,10,11,13,14,15,16,17,18,24,30,31",2|e|57|b|9|3|1|png|rf|00|e|7|adbda|8|ab|7704|b|85|a|2163|c|99|b|9|d|0|f,human_metadata_required,human_metadata_required,human_metadata_required,
train,D:\SportsStrategyCoachAI\datasets\processed\field_datasets\2\train\images\2e57b9_3_5_png.rf.65b63096bfdd97e98f8a8df945f68f07.jpg,71826f54e94670702199092c3bef20e6e5d40046,960x960,D:\SportsStrategyCoachAI\datasets\processed\field_datasets\2\train\labels\2e57b9_3_5_png.rf.65b63096bfdd97e98f8a8df945f68f07.txt,16,"0,1,6,8,9,10,11,13,14,15,16,17,18,24,30,31",2|e|57|b|9|3|5|png|rf|65|b|63096|bfdd|97|e|98|f|8|a|8|df|945|f|68|f|07,human_metadata_required,human_metadata_required,human_metadata_required,
train,D:\SportsStrategyCoachAI\datasets\processed\field_datasets\2\train\images\2e57b9_3_9_png.rf.05ece0a57a62793037d52e62f2d55364.jpg,17c638c477f02a48235acee955378f68cd46393d,960x960,D:\SportsStrategyCoachAI\datasets\processed\field_datasets\2\train\labels\2e57b9_3_9_png.rf.05ece0a57a62793037d52e62f2d55364.txt,16,"0,1,2,6,7,8,9,10,11,12,13,14,15,16,30,31",2|e|57|b|9|3|9|png|rf|05|ece|0|a|57|a|62793037|d|52|e|62|f|2|d|55364,human_metadata_required,human_metadata_required,human_metadata_required,
train,D:\SportsStrategyCoachAI\datasets\processed\field_datasets\2\train\images\2e57b9_5_1_png.rf.611efb49b7e8f284b811dc2d3aa51354.jpg,5e14278f28ead944fdf663fc75c3905af3940d59,960x960,D:\SportsStrategyCoachAI\datasets\processed\field_datasets\2\train\labels\2e57b9_5_1_png.rf.611efb49b7e8f284b811dc2d3aa51354.txt,12,"13,14,15,17,18,19,21,22,24,25,26,31",2|e|57|b|9|5|1|png|rf|611|efb|49|b|7|e|8|f|284|b|811|dc|2|d|3|aa|51354,human_metadata_required,human_metadata_required,human_metadata_required,
train,D:\SportsStrategyCoachAI\datasets\processed\field_datasets\2\train\images\2e57b9_5_7_png.rf.260d5cf97a057417d1ada6d160c5e3e4.jpg,4dda291ec5b860c7c7b56fa5fe8929c2d8a0245e,960x960,D:\SportsStrategyCoachAI\datasets\processed\field_datasets\2\train\labels\2e57b9_5_7_png.rf.260d5cf97a057417d1ada6d160c5e3e4.txt,17,"13,14,15,16,17,18,19,20,21,22,23,24,25,26,27,30,31",2|e|57|b|9|5|7|png|rf|260|d|5|cf|97|a|057417|d|1|ada|6|d|160|c|5|e|3|e|4,human_metadata_required,human_metadata_required,human_metadata_required,
train,D:\SportsStrategyCoachAI\datasets\processed\field_datasets\2\train\images\2e57b9_7_1_png.rf.58a0ea4e0d52eba65a5658b08ebff81b.jpg,395505deba9761c059eac6eed89cfa6eaaa46b4d,960x960,D:\SportsStrategyCoachAI\datasets\processed\field_datasets\2\train\labels\2e57b9_7_1_png.rf.58a0ea4e0d52eba65a5658b08ebff81b.txt,12,"13,14,15,17,18,19,21,22,24,25,30,31",2|e|57|b|9|7|1|png|rf|58|a|0|ea|4|e|0|d|52|eba|65|a|5658|b|08|ebff|81|b,human_metadata_required,human_metadata_required,human_metadata_required,
train,D:\SportsStrategyCoachAI\datasets\processed\field_datasets\2\train\images\2e57b9_7_9_png.rf.65107ea78b7d90947f0ad860d113c092.jpg,367032bc9e3448fa0b9afe23c4b27521db7fe4a5,960x960,D:\SportsStrategyCoachAI\datasets\processed\field_datasets\2\train\labels\2e57b9_7_9_png.rf.65107ea78b7d90947f0ad860d113c092.txt,17,"13,14,15,17,18,19,20,21,22,23,24,25,26,27,28,30,31",2|e|57|b|9|7|9|png|rf|65107|ea|78|b|7|d|90947|f|0|ad|860|d|113|c|092,human_metadata_required,human_metadata_required,human_metadata_required,
train,D:\SportsStrategyCoachAI\datasets\processed\field_datasets\2\train\images\2e57b9_8_10_png.rf.7794fa303b80b215ace8020352a004d0.jpg,04f4d1a0f7faa414aaf445e848d38f6af1771e0a,960x960,D:\SportsStrategyCoachAI\datasets\processed\field_datasets\2\train\labels\2e57b9_8_10_png.rf.7794fa303b80b215ace8020352a004d0.txt,18,"13,14,15,16,17,18,19,20,21,22,23,24,25,26,27,28,30,31",2|e|57|b|9|8|10|png|rf|7794|fa|303|b|80|b|215|ace|8020352|a|004|d|0,human_metadata_required,human_metadata_required,human_metadata_required,
train,D:\SportsStrategyCoachAI\datasets\processed\field_datasets\2\train\images\2e57b9_8_12_png.rf.195a965726512fb81c17136ead23005a.jpg,4946a2d383d755be20d10c7ba93f60b31ca0f2ad,960x960,D:\SportsStrategyCoachAI\datasets\processed\field_datasets\2\train\labels\2e57b9_8_12_png.rf.195a965726512fb81c17136ead23005a.txt,16,"13,14,15,17,18,19,20,21,22,23,24,25,26,27,30,31",2|e|57|b|9|8|12|png|rf|195|a|965726512|fb|81|c|17136|ead|23005|a,human_metadata_required,human_metadata_required,human_metadata_required,
train,D:\SportsStrategyCoachAI\datasets\processed\field_datasets\2\train\images\2e57b9_8_1_png.rf.9fdb24fea584e47638173e0627302564.jpg,ef3c367b87514522a9a3bd0a155d0c78eff0395d,960x960,D:\SportsStrategyCoachAI\datasets\processed\field_datasets\2\train\labels\2e57b9_8_1_png.rf.9fdb24fea584e47638173e0627302564.txt,12,"0,9,10,11,13,14,15,16,17,18,30,31",2|e|57|b|9|8|1|png|rf|9|fdb|24|fea|584|e|47638173|e|0627302564,human_metadata_required,human_metadata_required,human_metadata_required,
train,D:\SportsStrategyCoachAI\datasets\processed\field_datasets\2\train\images\2e57b9_8_2_png.rf.064f16b91d5e38570228d5bffe8a0e51.jpg,ffcab6a58b65fa05150b754eb33e541293e33fdb,960x960,D:\SportsStrategyCoachAI\datasets\processed\field_datasets\2\train\labels\2e57b9_8_2_png.rf.064f16b91d5e38570228d5bffe8a0e51.txt,12,"0,9,10,13,14,15,16,17,18,24,30,31",2|e|57|b|9|8|2|png|rf|064|f|16|b|91|d|5|e|38570228|d|5|bffe|8|a|0|e|51,human_metadata_required,human_metadata_required,human_metadata_required,
train,D:\SportsStrategyCoachAI\datasets\processed\field_datasets\2\train\images\2e57b9_8_6_png.rf.a245622b452fc4297661738d87e7471e.jpg,8666ee4a5a08f4a6455d9b8d75a432797cc36bb4,960x960,D:\SportsStrategyCoachAI\datasets\processed\field_datasets\2\train\labels\2e57b9_8_6_png.rf.a245622b452fc4297661738d87e7471e.txt,17,"13,14,15,16,17,18,19,20,21,22,23,24,25,26,27,28,31",2|e|57|b|9|8|6|png|rf|a|245622|b|452|fc|4297661738|d|87|e|7471|e,human_metadata_required,human_metadata_required,human_metadata_required,
train,D:\SportsStrategyCoachAI\datasets\processed\field_datasets\2\train\images\2e57b9_9_10_png.rf.50d1fd46f0a7d45751fa635a34f3c058.jpg,2bfca7dbc0f9cfc75d4ce6323f6dc9ee20f33976,960x960,D:\SportsStrategyCoachAI\datasets\processed\field_datasets\2\train\labels\2e57b9_9_10_png.rf.50d1fd46f0a7d45751fa635a34f3c058.txt,22,"0,1,6,8,9,10,11,13,14,15,16,17,18,19,20,21,22,24,25,26,30,31",2|e|57|b|9|9|10|png|rf|50|d|1|fd|46|f|0|a|7|d|45751|fa|635|a|34|f|3|c|058,human_metadata_required,human_metadata_required,human_metadata_required,
train,D:\SportsStrategyCoachAI\datasets\processed\field_datasets\2\train\images\2e57b9_9_11_png.rf.d5df880674a3b50d32492e78ead5f6a3.jpg,e7bfc7aa4262f3c70707940508dc0fca54f84e82,960x960,D:\SportsStrategyCoachAI\datasets\processed\field_datasets\2\train\labels\2e57b9_9_11_png.rf.d5df880674a3b50d32492e78ead5f6a3.txt,22,"0,1,2,6,8,9,10,11,13,14,15,16,17,18,19,21,22,24,25,26,30,31",2|e|57|b|9|9|11|png|rf|d|5|df|880674|a|3|b|50|d|32492|e|78|ead|5|f|6|a|3,human_metadata_required,human_metadata_required,human_metadata_required,
train,D:\SportsStrategyCoachAI\datasets\processed\field_datasets\2\train\images\2e57b9_9_12_png.rf.acf9061cceaeb88bee8a31fa14b5b79c.jpg,64ce1e16764007bced44441d6a25511ef9fe5bd6,960x960,D:\SportsStrategyCoachAI\datasets\processed\field_datasets\2\train\labels\2e57b9_9_12_png.rf.acf9061cceaeb88bee8a31fa14b5b79c.txt,22,"0,1,2,6,8,9,10,11,12,13,14,15,16,17,18,19,21,22,24,25,30,31",2|e|57|b|9|9|12|png|rf|acf|9061|cceaeb|88|bee|8|a|31|fa|14|b|5|b|79|c,human_metadata_required,human_metadata_required,human_metadata_required,
train,D:\SportsStrategyCoachAI\datasets\processed\field_datasets\2\train\images\2e57b9_9_1_png.rf.8c5bb2c8c656d59e072301e807e23a9d.jpg,13b52182ccc1f7f23f9abd182b186456c11394f7,960x960,D:\SportsStrategyCoachAI\datasets\processed\field_datasets\2\train\labels\2e57b9_9_1_png.rf.8c5bb2c8c656d59e072301e807e23a9d.txt,16,"0,1,2,6,7,8,9,10,11,12,13,14,15,16,30,31",2|e|57|b|9|9|1|png|rf|8|c|5|bb|2|c|8|c|656|d|59|e|072301|e|807|e|23|a|9|d,human_metadata_required,human_metadata_required,human_metadata_required,
train,D:\SportsStrategyCoachAI\datasets\processed\field_datasets\2\train\images\2e57b9_9_2_png.rf.f2e553a33ee059371e9c537967daed2a.jpg,ce51ea7721a0dfc7caa28ae18c51a64ff7b36de1,960x960,D:\SportsStrategyCoachAI\datasets\processed\field_datasets\2\train\labels\2e57b9_9_2_png.rf.f2e553a33ee059371e9c537967daed2a.txt,17,"0,1,2,3,6,7,8,9,10,11,12,13,14,15,16,30,31",2|e|57|b|9|9|2|png|rf|f|2|e|553|a|33|ee|059371|e|9|c|537967|daed|2|a,human_metadata_required,human_metadata_required,human_metadata_required,
train,D:\SportsStrategyCoachAI\datasets\processed\field_datasets\2\train\images\2e57b9_9_3_png.rf.4e2f54384e97ae0812ce3542d8f370e0.jpg,17c6afafd361d6dab20ff8ed53a36e35ade8e195,960x960,D:\SportsStrategyCoachAI\datasets\processed\field_datasets\2\train\labels\2e57b9_9_3_png.rf.4e2f54384e97ae0812ce3542d8f370e0.txt,18,"0,1,2,3,4,6,7,8,9,10,11,12,13,14,15,16,30,31",2|e|57|b|9|9|3|png|rf|4|e|2|f|54384|e|97|ae|0812|ce|3542|d|8|f|370|e|0,human_metadata_required,human_metadata_required,human_metadata_required,
train,D:\SportsStrategyCoachAI\datasets\processed\field_datasets\2\train\images\2e57b9_9_6_png.rf.d35a51475b4c29e2f80577cf43e1c789.jpg,26571d057ad700149b6909f2b5d37d6da559f28b,960x960,D:\SportsStrategyCoachAI\datasets\processed\field_datasets\2\train\labels\2e57b9_9_6_png.rf.d35a51475b4c29e2f80577cf43e1c789.txt,21,"0,1,6,8,9,10,11,13,14,15,16,17,18,19,21,22,24,25,26,30,31",2|e|57|b|9|9|6|png|rf|d|35|a|51475|b|4|c|29|e|2|f|80577|cf|43|e|1|c|789,human_metadata_required,human_metadata_required,human_metadata_required,
train,D:\SportsStrategyCoachAI\datasets\processed\field_datasets\2\train\images\2e57b9_9_8_png.rf.aed9f1dd5f28987cdf347c68b2a0d603.jpg,d129cac5bee5cff5056c0ff665f262c84e154592,960x960,D:\SportsStrategyCoachAI\datasets\processed\field_datasets\2\train\labels\2e57b9_9_8_png.rf.aed9f1dd5f28987cdf347c68b2a0d603.txt,21,"0,1,2,6,8,9,10,11,13,14,15,16,17,18,19,21,22,24,25,30,31",2|e|57|b|9|9|8|png|rf|aed|9|f|1|dd|5|f|28987|cdf|347|c|68|b|2|a|0|d|603,human_metadata_required,human_metadata_required,human_metadata_required,
train,D:\SportsStrategyCoachAI\datasets\processed\field_datasets\2\train\images\42ba34_0_10_png.rf.22cc48540aff569e95ee25a4a2d81c9a.jpg,222de6f645985b0786f7419054df2692b6e2a079,960x960,D:\SportsStrategyCoachAI\datasets\processed\field_datasets\2\train\labels\42ba34_0_10_png.rf.22cc48540aff569e95ee25a4a2d81c9a.txt,16,"13,14,15,17,18,19,20,21,22,23,24,25,26,27,28,31",42|ba|34|0|10|png|rf|22|cc|48540|aff|569|e|95|ee|25|a|4|a|2|d|81|c|9|a,human_metadata_required,human_metadata_required,human_metadata_required,
train,D:\SportsStrategyCoachAI\datasets\processed\field_datasets\2\train\images\42ba34_0_11_png.rf.fd80df4945daff60271a98c24e0a76b7.jpg,2998635b0ebce1027dc9f4af1d29088bef54f3e7,960x960,D:\SportsStrategyCoachAI\datasets\processed\field_datasets\2\train\labels\42ba34_0_11_png.rf.fd80df4945daff60271a98c24e0a76b7.txt,12,"17,18,19,20,21,22,23,24,25,26,27,31",42|ba|34|0|11|png|rf|fd|80|df|4945|daff|60271|a|98|c|24|e|0|a|76|b|7,human_metadata_required,human_metadata_required,human_metadata_required,
train,D:\SportsStrategyCoachAI\datasets\processed\field_datasets\2\train\images\42ba34_0_12_png.rf.0efa26436ba9243094284ff7781d8db9.jpg,9a99be7c5ca3d3fd70691a05db2896270e777fc8,960x960,D:\SportsStrategyCoachAI\datasets\processed\field_datasets\2\train\labels\42ba34_0_12_png.rf.0efa26436ba9243094284ff7781d8db9.txt,12,"17,18,19,20,21,22,23,24,25,26,27,31",42|ba|34|0|12|png|rf|0|efa|26436|ba|9243094284|ff|7781|d|8|db|9,human_metadata_required,human_metadata_required,human_metadata_required,
train,D:\SportsStrategyCoachAI\datasets\processed\field_datasets\2\train\images\42ba34_0_13_png.rf.6a33623b6a22b5b68fedc0afc8a118b9.jpg,07fe658436f4f7a1d9791db5944903bcc9952d7a,960x960,D:\SportsStrategyCoachAI\datasets\processed\field_datasets\2\train\labels\42ba34_0_13_png.rf.6a33623b6a22b5b68fedc0afc8a118b9.txt,14,"13,14,15,17,18,19,20,21,22,23,24,25,26,31",42|ba|34|0|13|png|rf|6|a|33623|b|6|a|22|b|5|b|68|fedc|0|afc|8|a|118|b|9,human_metadata_required,human_metadata_required,human_metadata_required,
train,D:\SportsStrategyCoachAI\datasets\processed\field_datasets\2\train\images\42ba34_0_15_png.rf.557dae2dfbadc4c0ecfee8d018336d4a.jpg,7b159c73596cd4d3ea9ff2fbc703795ca5762db0,960x960,D:\SportsStrategyCoachAI\datasets\processed\field_datasets\2\train\labels\42ba34_0_15_png.rf.557dae2dfbadc4c0ecfee8d018336d4a.txt,17,"13,14,15,16,17,18,19,20,21,22,23,24,25,26,27,30,31",42|ba|34|0|15|png|rf|557|dae|2|dfbadc|4|c|0|ecfee|8|d|018336|d|4|a,human_metadata_required,human_metadata_required,human_metadata_required,
train,D:\SportsStrategyCoachAI\datasets\processed\field_datasets\2\train\images\42ba34_0_1_png.rf.c79e9f031f12e557df3457749764fc64.jpg,dd02dbd5602978ac2c1ec54a09b6d87d6bfef7f9,960x960,D:\SportsStrategyCoachAI\datasets\processed\field_datasets\2\train\labels\42ba34_0_1_png.rf.c79e9f031f12e557df3457749764fc64.txt,9,"9,10,13,14,15,16,17,30,31",42|ba|34|0|1|png|rf|c|79|e|9|f|031|f|12|e|557|df|3457749764|fc|64,human_metadata_required,human_metadata_required,human_metadata_required,
train,D:\SportsStrategyCoachAI\datasets\processed\field_datasets\2\train\images\42ba34_0_2_png.rf.30efb7d879dce7896be8f15580fc9964.jpg,40b7993f1544e2b33f2ef1fb0d6df25a85ce4645,960x960,D:\SportsStrategyCoachAI\datasets\processed\field_datasets\2\train\labels\42ba34_0_2_png.rf.30efb7d879dce7896be8f15580fc9964.txt,8,"9,13,14,15,16,17,30,31",42|ba|34|0|2|png|rf|30|efb|7|d|879|dce|7896|be|8|f|15580|fc|9964,human_metadata_required,human_metadata_required,human_metadata_required,
train,D:\SportsStrategyCoachAI\datasets\processed\field_datasets\2\train\images\42ba34_0_5_png.rf.a8c6291d4938dbd9c43ce4a77380fe6c.jpg,e41ce6ab7887cdeaaecaa2a14052795cd6bcb26b,960x960,D:\SportsStrategyCoachAI\datasets\processed\field_datasets\2\train\labels\42ba34_0_5_png.rf.a8c6291d4938dbd9c43ce4a77380fe6c.txt,13,"13,14,15,16,17,18,19,21,22,24,25,30,31",42|ba|34|0|5|png|rf|a|8|c|6291|d|4938|dbd|9|c|43|ce|4|a|77380|fe|6|c,human_metadata_required,human_metadata_required,human_metadata_required,
train,D:\SportsStrategyCoachAI\datasets\processed\field_datasets\2\train\images\42ba34_0_7_png.rf.f3062e5c8876e6c137bdd993d2b0dd2b.jpg,f256dd6d17a66f3ce6dc162b8fd372fb274fa460,960x960,D:\SportsStrategyCoachAI\datasets\processed\field_datasets\2\train\labels\42ba34_0_7_png.rf.f3062e5c8876e6c137bdd993d2b0dd2b.txt,17,"13,14,15,16,17,18,19,20,21,22,23,24,25,26,27,30,31",42|ba|34|0|7|png|rf|f|3062|e|5|c|8876|e|6|c|137|bdd|993|d|2|b|0|dd|2|b,human_metadata_required,human_metadata_required,human_metadata_required,
train,D:\SportsStrategyCoachAI\datasets\processed\field_datasets\2\train\images\42ba34_0_8_png.rf.295bb3ea5e66530e87a40d876f40d446.jpg,6ffeee1dc64f801d0b8f2c986098785b70723371,960x960,D:\SportsStrategyCoachAI\datasets\processed\field_datasets\2\train\labels\42ba34_0_8_png.rf.295bb3ea5e66530e87a40d876f40d446.txt,16,"13,14,15,16,17,18,19,20,21,22,23,24,25,26,27,31",42|ba|34|0|8|png|rf|295|bb|3|ea|5|e|66530|e|87|a|40|d|876|f|40|d|446,human_metadata_required,human_metadata_required,human_metadata_required,
train,D:\SportsStrategyCoachAI\datasets\processed\field_datasets\2\train\images\42ba34_0_9_png.rf.f6f7fdd2fcc7003f51a1aa8d5df70199.jpg,1ed255b648ba08ca1d1a9802cc8cb80b3177cbf1,960x960,D:\SportsStrategyCoachAI\datasets\processed\field_datasets\2\train\labels\42ba34_0_9_png.rf.f6f7fdd2fcc7003f51a1aa8d5df70199.txt,16,"13,14,15,17,18,19,20,21,22,23,24,25,26,27,28,31",42|ba|34|0|9|png|rf|f|6|f|7|fdd|2|fcc|7003|f|51|a|1|aa|8|d|5|df|70199,human_metadata_required,human_metadata_required,human_metadata_required,
train,D:\SportsStrategyCoachAI\datasets\processed\field_datasets\2\train\images\42ba34_1_10_png.rf.e7a5a26b1e5c6f3b493472a1d1ce4514.jpg,47afa9e7e1ae557c56db068d6fedf0ad258d733b,960x960,D:\SportsStrategyCoachAI\datasets\processed\field_datasets\2\train\labels\42ba34_1_10_png.rf.e7a5a26b1e5c6f3b493472a1d1ce4514.txt,17,"0,1,2,3,6,7,8,9,10,11,12,13,14,15,16,30,31",42|ba|34|1|10|png|rf|e|7|a|5|a|26|b|1|e|5|c|6|f|3|b|493472|a|1|d|1|ce|4514,human_metadata_required,human_metadata_required,human_metadata_required,
train,D:\SportsStrategyCoachAI\datasets\processed\field_datasets\2\train\images\42ba34_1_1_png.rf.6d9aba20aa290b1ecf1019e14439a3f3.jpg,ad573023f11a068bba8e445ad78264b9a5129b2e,960x960,D:\SportsStrategyCoachAI\datasets\processed\field_datasets\2\train\labels\42ba34_1_1_png.rf.6d9aba20aa290b1ecf1019e14439a3f3.txt,14,"0,1,6,8,9,10,11,13,14,15,16,17,30,31",42|ba|34|1|1|png|rf|6|d|9|aba|20|aa|290|b|1|ecf|1019|e|14439|a|3|f|3,human_metadata_required,human_metadata_required,human_metadata_required,
train,D:\SportsStrategyCoachAI\datasets\processed\field_datasets\2\train\images\42ba34_1_2_png.rf.4fb4ca25b673315e492bf72fa865e89c.jpg,c4fe2be36aa4433df70f54cb3b4de2a35ab2f7ef,960x960,D:\SportsStrategyCoachAI\datasets\processed\field_datasets\2\train\labels\42ba34_1_2_png.rf.4fb4ca25b673315e492bf72fa865e89c.txt,13,"9,10,13,14,15,16,17,18,19,24,25,30,31",42|ba|34|1|2|png|rf|4|fb|4|ca|25|b|673315|e|492|bf|72|fa|865|e|89|c,human_metadata_required,human_metadata_required,human_metadata_required,
train,D:\SportsStrategyCoachAI\datasets\processed\field_datasets\2\train\images\42ba34_1_5_png.rf.7cd0bfa99dc4530fd72096f4d2c02359.jpg,effbc42d1f2e59ae63a9a4893b7927062072f8d9,960x960,D:\SportsStrategyCoachAI\datasets\processed\field_datasets\2\train\labels\42ba34_1_5_png.rf.7cd0bfa99dc4530fd72096f4d2c02359.txt,17,"0,1,2,3,6,7,8,9,10,11,12,13,14,15,16,30,31",42|ba|34|1|5|png|rf|7|cd|0|bfa|99|dc|4530|fd|72096|f|4|d|2|c|02359,human_metadata_required,human_metadata_required,human_metadata_required,
train,D:\SportsStrategyCoachAI\datasets\processed\field_datasets\2\train\images\42ba34_1_6_png.rf.5b11c38506cd57426cae7cbbbd799a69.jpg,32395a49a59ef8bb92c398c04db77662d87e8012,960x960,D:\SportsStrategyCoachAI\datasets\processed\field_datasets\2\train\labels\42ba34_1_6_png.rf.5b11c38506cd57426cae7cbbbd799a69.txt,17,"0,1,2,3,6,7,8,9,10,11,12,13,14,15,16,30,31",42|ba|34|1|6|png|rf|5|b|11|c|38506|cd|57426|cae|7|cbbbd|799|a|69,human_metadata_required,human_metadata_required,human_metadata_required,
train,D:\SportsStrategyCoachAI\datasets\processed\field_datasets\2\train\images\42ba34_1_8_png.rf.157ff9e89edf8411e62eb4b035539fc9.jpg,df8e3fe903b4fedf18a510c46b4fbe9a0770d859,960x960,D:\SportsStrategyCoachAI\datasets\processed\field_datasets\2\train\labels\42ba34_1_8_png.rf.157ff9e89edf8411e62eb4b035539fc9.txt,17,"0,1,2,3,6,7,8,9,10,11,12,13,14,15,16,30,31",42|ba|34|1|8|png|rf|157|ff|9|e|89|edf|8411|e|62|eb|4|b|035539|fc|9,human_metadata_required,human_metadata_required,human_metadata_required,
train,D:\SportsStrategyCoachAI\datasets\processed\field_datasets\2\train\images\42ba34_2_10_png.rf.f07bc47c63098c0d12a1ce3023e9a46f.jpg,e3f90332c73815f5b60dc938820a2d31cb2b07bb,960x960,D:\SportsStrategyCoachAI\datasets\processed\field_datasets\2\train\labels\42ba34_2_10_png.rf.f07bc47c63098c0d12a1ce3023e9a46f.txt,18,"0,1,2,3,6,7,8,9,10,11,12,13,14,15,16,17,30,31",42|ba|34|2|10|png|rf|f|07|bc|47|c|63098|c|0|d|12|a|1|ce|3023|e|9|a|46|f,human_metadata_required,human_metadata_required,human_metadata_required,
train,D:\SportsStrategyCoachAI\datasets\processed\field_datasets\2\train\images\42ba34_2_11_png.rf.ba7302b8f62758c48b0e6f812034aff2.jpg,b661e756ea7ec52d292425132a5130a1b6af2911,960x960,D:\SportsStrategyCoachAI\datasets\processed\field_datasets\2\train\labels\42ba34_2_11_png.rf.ba7302b8f62758c48b0e6f812034aff2.txt,18,"0,1,2,3,4,6,7,8,9,10,11,12,13,14,15,16,30,31",42|ba|34|2|11|png|rf|ba|7302|b|8|f|62758|c|48|b|0|e|6|f|812034|aff|2,human_metadata_required,human_metadata_required,human_metadata_required,
train,D:\SportsStrategyCoachAI\datasets\processed\field_datasets\2\train\images\42ba34_2_12_png.rf.74c9022969cef03d9b3488c3a42ce582.jpg,6615d79a9d1f4a92df82a41285e10007ce4fe3a8,960x960,D:\SportsStrategyCoachAI\datasets\processed\field_datasets\2\train\labels\42ba34_2_12_png.rf.74c9022969cef03d9b3488c3a42ce582.txt,18,"0,1,2,3,4,6,7,8,9,10,11,12,13,14,15,16,30,31",42|ba|34|2|12|png|rf|74|c|9022969|cef|03|d|9|b|3488|c|3|a|42|ce|582,human_metadata_required,human_metadata_required,human_metadata_required,
train,D:\SportsStrategyCoachAI\datasets\processed\field_datasets\2\train\images\42ba34_2_13_png.rf.1ac5a224f9a2d5916fe6ec723bfb2c00.jpg,cbbde849662783344b24854434fd7cdb0deee485,960x960,D:\SportsStrategyCoachAI\datasets\processed\field_datasets\2\train\labels\42ba34_2_13_png.rf.1ac5a224f9a2d5916fe6ec723bfb2c00.txt,18,"0,1,2,3,4,6,7,8,9,10,11,12,13,14,15,16,30,31",42|ba|34|2|13|png|rf|1|ac|5|a|224|f|9|a|2|d|5916|fe|6|ec|723|bfb|2|c|00,human_metadata_required,human_metadata_required,human_metadata_required,
train,D:\SportsStrategyCoachAI\datasets\processed\field_datasets\2\train\images\42ba34_2_14_png.rf.be950e3c54158eeb6dab0af3e27001e5.jpg,ce3b6b3ef6f34a4aeef46589d7b178c6a6cb3761,960x960,D:\SportsStrategyCoachAI\datasets\processed\field_datasets\2\train\labels\42ba34_2_14_png.rf.be950e3c54158eeb6dab0af3e27001e5.txt,18,"0,1,2,3,4,6,7,8,9,10,11,12,13,14,15,16,30,31",42|ba|34|2|14|png|rf|be|950|e|3|c|54158|eeb|6|dab|0|af|3|e|27001|e|5,human_metadata_required,human_metadata_required,human_metadata_required,
train,D:\SportsStrategyCoachAI\datasets\processed\field_datasets\2\train\images\42ba34_2_15_png.rf.222a44a235191a3f1222dc97bdec0022.jpg,d4e14b6d6bd164afe6c925c8cfa7d57eb40787cf,960x960,D:\SportsStrategyCoachAI\datasets\processed\field_datasets\2\train\labels\42ba34_2_15_png.rf.222a44a235191a3f1222dc97bdec0022.txt,18,"0,1,2,3,4,6,7,8,9,10,11,12,13,14,15,16,30,31",42|ba|34|2|15|png|rf|222|a|44|a|235191|a|3|f|1222|dc|97|bdec|0022,human_metadata_required,human_metadata_required,human_metadata_required,
train,D:\SportsStrategyCoachAI\datasets\processed\field_datasets\2\train\images\42ba34_2_1_png.rf.fe15d96e640d1dd3fd60a0dfdbcca101.jpg,e9712280d578e4bab198c121e1b169def8949fac,960x960,D:\SportsStrategyCoachAI\datasets\processed\field_datasets\2\train\labels\42ba34_2_1_png.rf.fe15d96e640d1dd3fd60a0dfdbcca101.txt,18,"13,14,15,16,17,18,19,20,21,22,23,24,25,26,27,28,30,31",42|ba|34|2|1|png|rf|fe|15|d|96|e|640|d|1|dd|3|fd|60|a|0|dfdbcca|101,human_metadata_required,human_metadata_required,human_metadata_required,
train,D:\SportsStrategyCoachAI\datasets\processed\field_datasets\2\train\images\42ba34_2_2_png.rf.730a357076a114ef1c222bb25151caf8.jpg,a6697bfaae7da10287eef5954595f8c5c583bfb1,960x960,D:\SportsStrategyCoachAI\datasets\processed\field_datasets\2\train\labels\42ba34_2_2_png.rf.730a357076a114ef1c222bb25151caf8.txt,18,"13,14,15,16,17,18,19,20,21,22,23,24,25,26,27,28,30,31",42|ba|34|2|2|png|rf|730|a|357076|a|114|ef|1|c|222|bb|25151|caf|8,human_metadata_required,human_metadata_required,human_metadata_required,
train,D:\SportsStrategyCoachAI\datasets\processed\field_datasets\2\train\images\42ba34_2_3_png.rf.841abd5a0763c6ec21049a1c0a295659.jpg,8a83ea773fb7878f28b9210eb978a164e63412ff,960x960,D:\SportsStrategyCoachAI\datasets\processed\field_datasets\2\train\labels\42ba34_2_3_png.rf.841abd5a0763c6ec21049a1c0a295659.txt,18,"9,13,14,15,16,17,18,19,20,21,22,23,24,25,26,27,30,31",42|ba|34|2|3|png|rf|841|abd|5|a|0763|c|6|ec|21049|a|1|c|0|a|295659,human_metadata_required,human_metadata_required,human_metadata_required,
train,D:\SportsStrategyCoachAI\datasets\processed\field_datasets\2\train\images\42ba34_2_4_png.rf.68b7a7302c925d13efed51466005862a.jpg,0c965359ef62c9c9e5b93024832b7fc09109e0ea,960x960,D:\SportsStrategyCoachAI\datasets\processed\field_datasets\2\train\labels\42ba34_2_4_png.rf.68b7a7302c925d13efed51466005862a.txt,17,"0,9,10,13,14,15,16,17,18,19,21,22,24,25,26,30,31",42|ba|34|2|4|png|rf|68|b|7|a|7302|c|925|d|13|efed|51466005862|a,human_metadata_required,human_metadata_required,human_metadata_required,
train,D:\SportsStrategyCoachAI\datasets\processed\field_datasets\2\train\images\42ba34_2_5_png.rf.fd4ccce2097df46ebf3a25b0c41efad7.jpg,304f73f1cb4e0b15ac561398181a6ffadefda68a,960x960,D:\SportsStrategyCoachAI\datasets\processed\field_datasets\2\train\labels\42ba34_2_5_png.rf.fd4ccce2097df46ebf3a25b0c41efad7.txt,17,"0,1,2,6,8,9,10,11,13,14,15,16,17,18,24,30,31",42|ba|34|2|5|png|rf|fd|4|ccce|2097|df|46|ebf|3|a|25|b|0|c|41|efad|7,human_metadata_required,human_metadata_required,human_metadata_required,
train,D:\SportsStrategyCoachAI\datasets\processed\field_datasets\2\train\images\42ba34_2_6_png.rf.415816fb8f48d7d16e5e92a897ac02be.jpg,fa34d4857e5fc44611f53d99aad8fcc10993a872,960x960,D:\SportsStrategyCoachAI\datasets\processed\field_datasets\2\train\labels\42ba34_2_6_png.rf.415816fb8f48d7d16e5e92a897ac02be.txt,18,"0,1,2,3,6,7,8,9,10,11,12,13,14,15,16,17,30,31",42|ba|34|2|6|png|rf|415816|fb|8|f|48|d|7|d|16|e|5|e|92|a|897|ac|02|be,human_metadata_required,human_metadata_required,human_metadata_required,
train,D:\SportsStrategyCoachAI\datasets\processed\field_datasets\2\train\images\42ba34_2_7_png.rf.860975efb83f1d9765ec9052d80ffafb.jpg,d0aec1eca191ffdb02ce1bcd0271b56342e1bc0e,960x960,D:\SportsStrategyCoachAI\datasets\processed\field_datasets\2\train\labels\42ba34_2_7_png.rf.860975efb83f1d9765ec9052d80ffafb.txt,17,"0,1,2,3,6,7,8,9,10,11,12,13,14,15,16,30,31",42|ba|34|2|7|png|rf|860975|efb|83|f|1|d|9765|ec|9052|d|80|ffafb,human_metadata_required,human_metadata_required,human_metadata_required,
train,D:\SportsStrategyCoachAI\datasets\processed\field_datasets\2\train\images\42ba34_2_8_png.rf.9d3a45a748d58b4fd634d9dde7e4c9c6.jpg,935b249e05b73d58b46c63d74a1636f007b42155,960x960,D:\SportsStrategyCoachAI\datasets\processed\field_datasets\2\train\labels\42ba34_2_8_png.rf.9d3a45a748d58b4fd634d9dde7e4c9c6.txt,17,"0,1,2,3,6,7,8,9,10,11,12,13,14,15,16,30,31",42|ba|34|2|8|png|rf|9|d|3|a|45|a|748|d|58|b|4|fd|634|d|9|dde|7|e|4|c|9|c|6,human_metadata_required,human_metadata_required,human_metadata_required,
train,D:\SportsStrategyCoachAI\datasets\processed\field_datasets\2\train\images\42ba34_3_10_png.rf.bd0223a52b67c9b6bb6287dc8e5dbf62.jpg,2005e37a650f541a2fa2f36b480777b49acc549b,960x960,D:\SportsStrategyCoachAI\datasets\processed\field_datasets\2\train\labels\42ba34_3_10_png.rf.bd0223a52b67c9b6bb6287dc8e5dbf62.txt,18,"0,9,10,13,14,15,16,17,18,19,20,21,22,24,25,26,30,31",42|ba|34|3|10|png|rf|bd|0223|a|52|b|67|c|9|b|6|bb|6287|dc|8|e|5|dbf|62,human_metadata_required,human_metadata_required,human_metadata_required,
train,D:\SportsStrategyCoachAI\datasets\processed\field_datasets\2\train\images\42ba34_3_1_png.rf.c00dc0a0f9da2fe7a1bd0cee68e5d01d.jpg,00d20dd7c30ca3d24944e3600067da4ce6ba5655,960x960,D:\SportsStrategyCoachAI\datasets\processed\field_datasets\2\train\labels\42ba34_3_1_png.rf.c00dc0a0f9da2fe7a1bd0cee68e5d01d.txt,21,"0,1,6,8,9,10,11,13,14,15,16,17,18,19,21,22,24,25,26,30,31",42|ba|34|3|1|png|rf|c|00|dc|0|a|0|f|9|da|2|fe|7|a|1|bd|0|cee|68|e|5|d|01|d,human_metadata_required,human_metadata_required,human_metadata_required,
train,D:\SportsStrategyCoachAI\datasets\processed\field_datasets\2\train\images\42ba34_3_2_png.rf.13f6f2a0bb82c9ac18b492d7e52a9eb8.jpg,9318d69e9a762b325030be5c784607ab5ed8fefd,960x960,D:\SportsStrategyCoachAI\datasets\processed\field_datasets\2\train\labels\42ba34_3_2_png.rf.13f6f2a0bb82c9ac18b492d7e52a9eb8.txt,18,"0,9,10,13,14,15,16,17,18,19,20,21,22,24,25,26,30,31",42|ba|34|3|2|png|rf|13|f|6|f|2|a|0|bb|82|c|9|ac|18|b|492|d|7|e|52|a|9|eb|8,human_metadata_required,human_metadata_required,human_metadata_required,
train,D:\SportsStrategyCoachAI\datasets\processed\field_datasets\2\train\images\42ba34_3_3_png.rf.f6844546841a98eaeb9571d2610dac58.jpg,b19c987cbbecbf0d46430531be45c26cd3aeb94f,960x960,D:\SportsStrategyCoachAI\datasets\processed\field_datasets\2\train\labels\42ba34_3_3_png.rf.f6844546841a98eaeb9571d2610dac58.txt,18,"0,1,6,8,9,10,11,13,14,15,16,17,18,19,24,25,30,31",42|ba|34|3|3|png|rf|f|6844546841|a|98|eaeb|9571|d|2610|dac|58,human_metadata_required,human_metadata_required,human_metadata_required,
train,D:\SportsStrategyCoachAI\datasets\processed\field_datasets\2\train\images\42ba34_3_4_png.rf.05e8ba3cb745353c586359e345cb4709.jpg,01b7b29d83c5e1ea0f98c43fafc97a8f720f2e95,960x960,D:\SportsStrategyCoachAI\datasets\processed\field_datasets\2\train\labels\42ba34_3_4_png.rf.05e8ba3cb745353c586359e345cb4709.txt,20,"0,9,10,11,13,14,15,16,17,18,19,20,21,22,23,24,25,26,30,31",42|ba|34|3|4|png|rf|05|e|8|ba|3|cb|745353|c|586359|e|345|cb|4709,human_metadata_required,human_metadata_required,human_metadata_required,
train,D:\SportsStrategyCoachAI\datasets\processed\field_datasets\2\train\images\42ba34_3_5_png.rf.188a7af1f8bd0f4b068e9154df153040.jpg,47f427a47e8bd881eb456d736409c3538da99483,960x960,D:\SportsStrategyCoachAI\datasets\processed\field_datasets\2\train\labels\42ba34_3_5_png.rf.188a7af1f8bd0f4b068e9154df153040.txt,19,"0,9,10,13,14,15,16,17,18,19,20,21,22,23,24,25,26,30,31",42|ba|34|3|5|png|rf|188|a|7|af|1|f|8|bd|0|f|4|b|068|e|9154|df|153040,human_metadata_required,human_metadata_required,human_metadata_required,
train,D:\SportsStrategyCoachAI\datasets\processed\field_datasets\2\train\images\42ba34_3_7_png.rf.b140e80f4a8f8ff2aac7c636b5815630.jpg,7daf117f1bbf837f740842a34509d256f5cf80b1,960x960,D:\SportsStrategyCoachAI\datasets\processed\field_datasets\2\train\labels\42ba34_3_7_png.rf.b140e80f4a8f8ff2aac7c636b5815630.txt,21,"0,1,2,6,8,9,10,11,13,14,15,16,17,18,19,21,22,24,25,30,31",42|ba|34|3|7|png|rf|b|140|e|80|f|4|a|8|f|8|ff|2|aac|7|c|636|b|5815630,human_metadata_required,human_metadata_required,human_metadata_required,
train,D:\SportsStrategyCoachAI\datasets\processed\field_datasets\2\train\images\42ba34_3_8_png.rf.55e487fa633a7f355c8ade0614c4e472.jpg,dc26d10be7a70815cb02297f9832c5fd706850ac,960x960,D:\SportsStrategyCoachAI\datasets\processed\field_datasets\2\train\labels\42ba34_3_8_png.rf.55e487fa633a7f355c8ade0614c4e472.txt,19,"0,1,2,6,7,8,9,10,11,12,13,14,15,16,17,18,24,30,31",42|ba|34|3|8|png|rf|55|e|487|fa|633|a|7|f|355|c|8|ade|0614|c|4|e|472,human_metadata_required,human_metadata_required,human_metadata_required,
train,D:\SportsStrategyCoachAI\datasets\processed\field_datasets\2\train\images\42ba34_5_10_png.rf.c41f9cc426ecd0706c37dd7bc1d8a11b.jpg,9a20e88b6ad6dcb24a4a0f1f0fd13342a22be553,960x960,D:\SportsStrategyCoachAI\datasets\processed\field_datasets\2\train\labels\42ba34_5_10_png.rf.c41f9cc426ecd0706c37dd7bc1d8a11b.txt,16,"13,14,15,17,18,19,20,21,22,23,24,25,26,27,28,31",42|ba|34|5|10|png|rf|c|41|f|9|cc|426|ecd|0706|c|37|dd|7|bc|1|d|8|a|11|b,human_metadata_required,human_metadata_required,human_metadata_required,
train,D:\SportsStrategyCoachAI\datasets\processed\field_datasets\2\train\images\42ba34_5_1_png.rf.2091eb4ed62441938d57384674b6f7a0.jpg,b20aec7a59428811715ea70642e9a60d588eea35,960x960,D:\SportsStrategyCoachAI\datasets\processed\field_datasets\2\train\labels\42ba34_5_1_png.rf.2091eb4ed62441938d57384674b6f7a0.txt,9,"13,14,15,16,17,18,24,30,31",42|ba|34|5|1|png|rf|2091|eb|4|ed|62441938|d|57384674|b|6|f|7|a|0,human_metadata_required,human_metadata_required,human_metadata_required,
train,D:\SportsStrategyCoachAI\datasets\processed\field_datasets\2\train\images\42ba34_5_2_png.rf.a9be34284b7d76c1d3ccb915f3d816ad.jpg,90cb44655c07b20fdca743534d736abbc8ede2f1,960x960,D:\SportsStrategyCoachAI\datasets\processed\field_datasets\2\train\labels\42ba34_5_2_png.rf.a9be34284b7d76c1d3ccb915f3d816ad.txt,9,"13,14,15,16,17,18,24,30,31",42|ba|34|5|2|png|rf|a|9|be|34284|b|7|d|76|c|1|d|3|ccb|915|f|3|d|816|ad,human_metadata_required,human_metadata_required,human_metadata_required,
train,D:\SportsStrategyCoachAI\datasets\processed\field_datasets\2\train\images\42ba34_5_4_png.rf.53a4a72f378d07c8b6c7dc776ce32f5f.jpg,12042bdfdf57f86aedab759b29ac74c3e6ee337a,960x960,D:\SportsStrategyCoachAI\datasets\processed\field_datasets\2\train\labels\42ba34_5_4_png.rf.53a4a72f378d07c8b6c7dc776ce32f5f.txt,15,"13,14,15,17,18,19,20,21,22,23,24,25,26,27,31",42|ba|34|5|4|png|rf|53|a|4|a|72|f|378|d|07|c|8|b|6|c|7|dc|776|ce|32|f|5|f,human_metadata_required,human_metadata_required,human_metadata_required,
train,D:\SportsStrategyCoachAI\datasets\processed\field_datasets\2\train\images\42ba34_5_7_png.rf.311d0fdf3ff0c9364cf497097127a78d.jpg,6a43abc21ca08d8b2fc6d1a79b758f04e3901f1d,960x960,D:\SportsStrategyCoachAI\datasets\processed\field_datasets\2\train\labels\42ba34_5_7_png.rf.311d0fdf3ff0c9364cf497097127a78d.txt,17,"13,14,15,16,17,18,19,20,21,22,23,24,25,26,27,28,31",42|ba|34|5|7|png|rf|311|d|0|fdf|3|ff|0|c|9364|cf|497097127|a|78|d,human_metadata_required,human_metadata_required,human_metadata_required,
train,D:\SportsStrategyCoachAI\datasets\processed\field_datasets\2\train\images\42ba34_5_8_png.rf.736ae2f916efda754d3005ac39cf314f.jpg,a017754dcb1c268481effeb3f1028e36e7bb24be,960x960,D:\SportsStrategyCoachAI\datasets\processed\field_datasets\2\train\labels\42ba34_5_8_png.rf.736ae2f916efda754d3005ac39cf314f.txt,17,"13,14,15,16,17,18,19,20,21,22,23,24,25,26,27,28,31",42|ba|34|5|8|png|rf|736|ae|2|f|916|efda|754|d|3005|ac|39|cf|314|f,human_metadata_required,human_metadata_required,human_metadata_required,
train,D:\SportsStrategyCoachAI\datasets\processed\field_datasets\2\train\images\42ba34_5_9_png.rf.4bb3c0e2188616195c33f3b969402077.jpg,30540d24750c10d3afdb7e9ef98c174d60021fc0,960x960,D:\SportsStrategyCoachAI\datasets\processed\field_datasets\2\train\labels\42ba34_5_9_png.rf.4bb3c0e2188616195c33f3b969402077.txt,16,"13,14,15,17,18,19,20,21,22,23,24,25,26,27,28,31",42|ba|34|5|9|png|rf|4|bb|3|c|0|e|2188616195|c|33|f|3|b|969402077,human_metadata_required,human_metadata_required,human_metadata_required,
train,D:\SportsStrategyCoachAI\datasets\processed\field_datasets\2\train\images\42ba34_6_10_png.rf.ab253d9438fd515ed68ce0d5fe1963c7.jpg,fd5d24ab51c4ee2a402dc3c23791d6fc20db52a8,960x960,D:\SportsStrategyCoachAI\datasets\processed\field_datasets\2\train\labels\42ba34_6_10_png.rf.ab253d9438fd515ed68ce0d5fe1963c7.txt,16,"13,14,15,16,17,18,19,20,21,22,23,24,25,26,30,31",42|ba|34|6|10|png|rf|ab|253|d|9438|fd|515|ed|68|ce|0|d|5|fe|1963|c|7,human_metadata_required,human_metadata_required,human_metadata_required,
train,D:\SportsStrategyCoachAI\datasets\processed\field_datasets\2\train\images\42ba34_6_11_png.rf.30665561a1cc2831069366d6589d4af1.jpg,97dfef50732cb9965303874fe043ddabf3ff5da0,960x960,D:\SportsStrategyCoachAI\datasets\processed\field_datasets\2\train\labels\42ba34_6_11_png.rf.30665561a1cc2831069366d6589d4af1.txt,17,"13,14,15,16,17,18,19,20,21,22,23,24,25,26,27,30,31",42|ba|34|6|11|png|rf|30665561|a|1|cc|2831069366|d|6589|d|4|af|1,human_metadata_required,human_metadata_required,human_metadata_required,
train,D:\SportsStrategyCoachAI\datasets\processed\field_datasets\2\train\images\42ba34_6_12_png.rf.f3f06293c002ac9c67da9bf45fc6e9b0.jpg,952065e1ed8db189a9905e20e6aa013fce90d706,960x960,D:\SportsStrategyCoachAI\datasets\processed\field_datasets\2\train\labels\42ba34_6_12_png.rf.f3f06293c002ac9c67da9bf45fc6e9b0.txt,17,"13,14,15,16,17,18,19,20,21,22,23,24,25,26,27,30,31",42|ba|34|6|12|png|rf|f|3|f|06293|c|002|ac|9|c|67|da|9|bf|45|fc|6|e|9|b|0,human_metadata_required,human_metadata_required,human_metadata_required,
train,D:\SportsStrategyCoachAI\datasets\processed\field_datasets\2\train\images\42ba34_6_14_png.rf.9274aaddadd4a6365712b67ae36073bc.jpg,13ada0e6e40f2027b78477047d47d02fe44116b8,960x960,D:\SportsStrategyCoachAI\datasets\processed\field_datasets\2\train\labels\42ba34_6_14_png.rf.9274aaddadd4a6365712b67ae36073bc.txt,17,"13,14,15,16,17,18,19,20,21,22,23,24,25,26,27,30,31",42|ba|34|6|14|png|rf|9274|aaddadd|4|a|6365712|b|67|ae|36073|bc,human_metadata_required,human_metadata_required,human_metadata_required,
train,D:\SportsStrategyCoachAI\datasets\processed\field_datasets\2\train\images\42ba34_6_1_png.rf.01a925b3b48d9a4d0f4acf5d68d2598d.jpg,88f4d95673aa5b9c9190d2b91da248b211b36a77,960x960,D:\SportsStrategyCoachAI\datasets\processed\field_datasets\2\train\labels\42ba34_6_1_png.rf.01a925b3b48d9a4d0f4acf5d68d2598d.txt,19,"0,1,2,3,4,5,6,7,8,9,10,11,12,13,14,15,16,30,31",42|ba|34|6|1|png|rf|01|a|925|b|3|b|48|d|9|a|4|d|0|f|4|acf|5|d|68|d|2598|d,human_metadata_required,human_metadata_required,human_metadata_required,
train,D:\SportsStrategyCoachAI\datasets\processed\field_datasets\2\train\images\42ba34_6_3_png.rf.54bd2e4ab9e6a97cb99fa3f8b92e630b.jpg,e9416f4db8f1cfc078d9644e90120a922fedebec,960x960,D:\SportsStrategyCoachAI\datasets\processed\field_datasets\2\train\labels\42ba34_6_3_png.rf.54bd2e4ab9e6a97cb99fa3f8b92e630b.txt,18,"0,1,2,3,4,6,7,8,9,10,11,12,13,14,15,16,30,31",42|ba|34|6|3|png|rf|54|bd|2|e|4|ab|9|e|6|a|97|cb|99|fa|3|f|8|b|92|e|630|b,human_metadata_required,human_metadata_required,human_metadata_required,
train,D:\SportsStrategyCoachAI\datasets\processed\field_datasets\2\train\images\42ba34_6_4_png.rf.5b789e1b963212d68de0aba5f0b2e78e.jpg,dacf3fa2e55f0a3e62f7f50b60b3b8d25144da5b,960x960,D:\SportsStrategyCoachAI\datasets\processed\field_datasets\2\train\labels\42ba34_6_4_png.rf.5b789e1b963212d68de0aba5f0b2e78e.txt,17,"0,1,2,3,6,7,8,9,10,11,12,13,14,15,16,30,31",42|ba|34|6|4|png|rf|5|b|789|e|1|b|963212|d|68|de|0|aba|5|f|0|b|2|e|78|e,human_metadata_required,human_metadata_required,human_metadata_required,
train,D:\SportsStrategyCoachAI\datasets\processed\field_datasets\2\train\images\42ba34_6_7_png.rf.ba20d5ba2ad41ec3bd37dd96ad925ef3.jpg,663db3b5a9223fa19a5c413a626b0694ad4941bb,960x960,D:\SportsStrategyCoachAI\datasets\processed\field_datasets\2\train\labels\42ba34_6_7_png.rf.ba20d5ba2ad41ec3bd37dd96ad925ef3.txt,17,"0,1,2,6,8,9,10,11,13,14,15,16,17,18,24,30,31",42|ba|34|6|7|png|rf|ba|20|d|5|ba|2|ad|41|ec|3|bd|37|dd|96|ad|925|ef|3,human_metadata_required,human_metadata_required,human_metadata_required,
train,D:\SportsStrategyCoachAI\datasets\processed\field_datasets\2\train\images\42ba34_6_9_png.rf.9de6e54a9ae1cff79bcf74c67ded5f69.jpg,8bbd26745ede75cdb945eebcd0f36700906d9df2,960x960,D:\SportsStrategyCoachAI\datasets\processed\field_datasets\2\train\labels\42ba34_6_9_png.rf.9de6e54a9ae1cff79bcf74c67ded5f69.txt,17,"0,9,10,13,14,15,16,17,18,19,21,22,24,25,26,30,31",42|ba|34|6|9|png|rf|9|de|6|e|54|a|9|ae|1|cff|79|bcf|74|c|67|ded|5|f|69,human_metadata_required,human_metadata_required,human_metadata_required,
train,D:\SportsStrategyCoachAI\datasets\processed\field_datasets\2\train\images\42ba34_7_10_png.rf.92adc321e609baf4cefe67b4166213d3.jpg,767e793a0887896088b4a18756b26fce623a25df,960x960,D:\SportsStrategyCoachAI\datasets\processed\field_datasets\2\train\labels\42ba34_7_10_png.rf.92adc321e609baf4cefe67b4166213d3.txt,17,"13,14,15,16,17,18,19,20,21,22,23,24,25,26,27,30,31",42|ba|34|7|10|png|rf|92|adc|321|e|609|baf|4|cefe|67|b|4166213|d|3,human_metadata_required,human_metadata_required,human_metadata_required,
train,D:\SportsStrategyCoachAI\datasets\processed\field_datasets\2\train\images\42ba34_7_3_png.rf.693542e3becfef5bfe66c93cf43a9ac5.jpg,00bf4e00fbd29b304da9383cbbe6f897ad8e229c,960x960,D:\SportsStrategyCoachAI\datasets\processed\field_datasets\2\train\labels\42ba34_7_3_png.rf.693542e3becfef5bfe66c93cf43a9ac5.txt,18,"13,14,15,16,17,18,19,20,21,22,23,24,25,26,27,28,30,31",42|ba|34|7|3|png|rf|693542|e|3|becfef|5|bfe|66|c|93|cf|43|a|9|ac|5,human_metadata_required,human_metadata_required,human_metadata_required,
train,D:\SportsStrategyCoachAI\datasets\processed\field_datasets\2\train\images\42ba34_7_4_png.rf.513b4908e1c0bb761fa72132f21e6fc3.jpg,ad25515c7b510a36fb23290ea76cefd242d320dd,960x960,D:\SportsStrategyCoachAI\datasets\processed\field_datasets\2\train\labels\42ba34_7_4_png.rf.513b4908e1c0bb761fa72132f21e6fc3.txt,18,"13,14,15,16,17,18,19,20,21,22,23,24,25,26,27,28,30,31",42|ba|34|7|4|png|rf|513|b|4908|e|1|c|0|bb|761|fa|72132|f|21|e|6|fc|3,human_metadata_required,human_metadata_required,human_metadata_required,
train,D:\SportsStrategyCoachAI\datasets\processed\field_datasets\2\train\images\42ba34_9_2_png.rf.4b22436382caf68fac8c3d3c618e373f.jpg,8b9fe80aeeb7f0c01adcaece014a7a712bb04445,960x960,D:\SportsStrategyCoachAI\datasets\processed\field_datasets\2\train\labels\42ba34_9_2_png.rf.4b22436382caf68fac8c3d3c618e373f.txt,16,"13,14,15,16,17,18,19,20,21,22,23,27,28,29,30,31",42|ba|34|9|2|png|rf|4|b|22436382|caf|68|fac|8|c|3|d|3|c|618|e|373|f,human_metadata_required,human_metadata_required,human_metadata_required,
train,D:\SportsStrategyCoachAI\datasets\processed\field_datasets\2\train\images\42ba34_9_4_png.rf.e9003119eab122aa0b672c188adfa89b.jpg,9439f84f652486f1475574810d60351a68e4b19f,960x960,D:\SportsStrategyCoachAI\datasets\processed\field_datasets\2\train\labels\42ba34_9_4_png.rf.e9003119eab122aa0b672c188adfa89b.txt,17,"0,1,2,3,6,7,8,9,10,11,12,13,14,15,16,30,31",42|ba|34|9|4|png|rf|e|9003119|eab|122|aa|0|b|672|c|188|adfa|89|b,human_metadata_required,human_metadata_required,human_metadata_required,
train,D:\SportsStrategyCoachAI\datasets\processed\field_datasets\2\train\images\42ba34_9_5_png.rf.8503ee5ee2bbf5853443f4824620673c.jpg,6a5ffbc60e98a66205fb58ca2507cff2b754d5bd,960x960,D:\SportsStrategyCoachAI\datasets\processed\field_datasets\2\train\labels\42ba34_9_5_png.rf.8503ee5ee2bbf5853443f4824620673c.txt,18,"0,1,2,3,4,6,7,8,9,10,11,12,13,14,15,16,30,31",42|ba|34|9|5|png|rf|8503|ee|5|ee|2|bbf|5853443|f|4824620673|c,human_metadata_required,human_metadata_required,human_metadata_required,
train,D:\SportsStrategyCoachAI\datasets\processed\field_datasets\2\train\images\42ba34_9_8_png.rf.60b71b222b7e29ceb2bf5b798617a43d.jpg,89c38fc4616c47a2d8f34760d598b848181ca4c5,960x960,D:\SportsStrategyCoachAI\datasets\processed\field_datasets\2\train\labels\42ba34_9_8_png.rf.60b71b222b7e29ceb2bf5b798617a43d.txt,17,"0,1,2,3,6,7,8,9,10,11,12,13,14,15,16,30,31",42|ba|34|9|8|png|rf|60|b|71|b|222|b|7|e|29|ceb|2|bf|5|b|798617|a|43|d,human_metadata_required,human_metadata_required,human_metadata_required,
train,D:\SportsStrategyCoachAI\datasets\processed\field_datasets\2\train\images\42ba34_9_9_png.rf.3d8daa7033abe3a111ce2de35a550d32.jpg,6c0fbc0dbee2853a937cba9b910de5331f39d61e,960x960,D:\SportsStrategyCoachAI\datasets\processed\field_datasets\2\train\labels\42ba34_9_9_png.rf.3d8daa7033abe3a111ce2de35a550d32.txt,16,"0,1,6,8,9,10,11,13,14,15,16,17,18,24,30,31",42|ba|34|9|9|png|rf|3|d|8|daa|7033|abe|3|a|111|ce|2|de|35|a|550|d|32,human_metadata_required,human_metadata_required,human_metadata_required,
train,D:\SportsStrategyCoachAI\datasets\processed\field_datasets\2\train\images\4b770a_1_8_png.rf.fd5323627e7e7b561228cb9803d9432e.jpg,b1821c910f2c070d7c5e069a9b1e458b808b0e42,960x960,D:\SportsStrategyCoachAI\datasets\processed\field_datasets\2\train\labels\4b770a_1_8_png.rf.fd5323627e7e7b561228cb9803d9432e.txt,13,"13,14,15,16,17,18,19,21,22,24,25,30,31",4|b|770|a|1|8|png|rf|fd|5323627|e|7|e|7|b|561228|cb|9803|d|9432|e,human_metadata_required,human_metadata_required,human_metadata_required,
train,D:\SportsStrategyCoachAI\datasets\processed\field_datasets\2\train\images\538438_5_2_png.rf.b8797302773be3c8435b9fa4f41edeb3.jpg,160c1f0a26198fc2db579420e99125138018439b,960x960,D:\SportsStrategyCoachAI\datasets\processed\field_datasets\2\train\labels\538438_5_2_png.rf.b8797302773be3c8435b9fa4f41edeb3.txt,12,"17,18,19,20,21,22,23,24,25,26,27,31",538438|5|2|png|rf|b|8797302773|be|3|c|8435|b|9|fa|4|f|41|edeb|3,human_metadata_required,human_metadata_required,human_metadata_required,
train,D:\SportsStrategyCoachAI\datasets\processed\field_datasets\2\train\images\54745b_1_4_png.rf.67513fb94313bd03ce85e34f150e4213.jpg,5c37a07711484b747cdf9b620c0a3eaf8dc54e5d,960x960,D:\SportsStrategyCoachAI\datasets\processed\field_datasets\2\train\labels\54745b_1_4_png.rf.67513fb94313bd03ce85e34f150e4213.txt,8,"9,10,13,14,15,16,30,31",54745|b|1|4|png|rf|67513|fb|94313|bd|03|ce|85|e|34|f|150|e|4213,human_metadata_required,human_metadata_required,human_metadata_required,
train,D:\SportsStrategyCoachAI\datasets\processed\field_datasets\2\train\images\54745b_1_7_png.rf.acffdb59b536651fa396e565b792946a.jpg,b710531369f8fd88c654c95128bcb2388abbb2c6,960x960,D:\SportsStrategyCoachAI\datasets\processed\field_datasets\2\train\labels\54745b_1_7_png.rf.acffdb59b536651fa396e565b792946a.txt,13,"0,1,6,8,9,10,11,13,14,15,16,30,31",54745|b|1|7|png|rf|acffdb|59|b|536651|fa|396|e|565|b|792946|a,human_metadata_required,human_metadata_required,human_metadata_required,
train,D:\SportsStrategyCoachAI\datasets\processed\field_datasets\2\train\images\54745b_3_5_png.rf.da06063318b226425ea2fc6d82025caf.jpg,bea16e6a7980738d56390bb2160421a087e2d8f5,960x960,D:\SportsStrategyCoachAI\datasets\processed\field_datasets\2\train\labels\54745b_3_5_png.rf.da06063318b226425ea2fc6d82025caf.txt,14,"13,14,15,17,18,19,20,21,22,23,24,25,26,31",54745|b|3|5|png|rf|da|06063318|b|226425|ea|2|fc|6|d|82025|caf,human_metadata_required,human_metadata_required,human_metadata_required,
train,D:\SportsStrategyCoachAI\datasets\processed\field_datasets\2\train\images\54745b_3_9_png.rf.c226116261428f224393433b60dc2e1d.jpg,75c7f93e19f580fdc90c7dbf8e050a22e94c05c7,960x960,D:\SportsStrategyCoachAI\datasets\processed\field_datasets\2\train\labels\54745b_3_9_png.rf.c226116261428f224393433b60dc2e1d.txt,11,"17,18,19,20,21,22,23,24,25,26,31",54745|b|3|9|png|rf|c|226116261428|f|224393433|b|60|dc|2|e|1|d,human_metadata_required,human_metadata_required,human_metadata_required,
train,D:\SportsStrategyCoachAI\datasets\processed\field_datasets\2\train\images\55c9d1_0_14_png.rf.b9c6649d6472cb001c3038eb7796f1c9.jpg,42f0edd44480645c17c5f461af76cc6a5353899e,960x960,D:\SportsStrategyCoachAI\datasets\processed\field_datasets\2\train\labels\55c9d1_0_14_png.rf.b9c6649d6472cb001c3038eb7796f1c9.txt,17,"13,14,15,16,17,18,19,20,22,23,24,25,26,27,28,30,31",55|c|9|d|1|0|14|png|rf|b|9|c|6649|d|6472|cb|001|c|3038|eb|7796|f|1|c|9,human_metadata_required,human_metadata_required,human_metadata_required,
train,D:\SportsStrategyCoachAI\datasets\processed\field_datasets\2\train\images\55c9d1_5_10_png.rf.e91994c1e57b608c5273b945bfe7f75e.jpg,8e065a67e45f4755b1309bca2ed15ad59d5feb7c,960x960,D:\SportsStrategyCoachAI\datasets\processed\field_datasets\2\train\labels\55c9d1_5_10_png.rf.e91994c1e57b608c5273b945bfe7f75e.txt,15,"14,15,16,17,18,19,20,22,23,24,25,26,27,28,31",55|c|9|d|1|5|10|png|rf|e|91994|c|1|e|57|b|608|c|5273|b|945|bfe|7|f|75|e,human_metadata_required,human_metadata_required,human_metadata_required,
train,D:\SportsStrategyCoachAI\datasets\processed\field_datasets\2\train\images\744b27_3_2_png.rf.52071560fb02229df23b719b0104a016.jpg,3a34910c347bfad7c5d5c8fc880e099081ad7a26,960x960,D:\SportsStrategyCoachAI\datasets\processed\field_datasets\2\train\labels\744b27_3_2_png.rf.52071560fb02229df23b719b0104a016.txt,17,"0,1,2,3,4,6,7,8,9,10,11,12,13,14,15,16,30",744|b|27|3|2|png|rf|52071560|fb|02229|df|23|b|719|b|0104|a|016,human_metadata_required,human_metadata_required,human_metadata_required,
train,D:\SportsStrategyCoachAI\datasets\processed\field_datasets\2\train\images\744b27_3_5_png.rf.cadf3d90ce9fc9e4ab556b6a905cabca.jpg,e4af45b5f47218bd7eea531c1a98b88c68591f7f,960x960,D:\SportsStrategyCoachAI\datasets\processed\field_datasets\2\train\labels\744b27_3_5_png.rf.cadf3d90ce9fc9e4ab556b6a905cabca.txt,17,"0,1,2,3,4,6,7,8,9,10,11,12,13,14,15,16,30",744|b|27|3|5|png|rf|cadf|3|d|90|ce|9|fc|9|e|4|ab|556|b|6|a|905|cabca,human_metadata_required,human_metadata_required,human_metadata_required,
train,D:\SportsStrategyCoachAI\datasets\processed\field_datasets\2\train\images\744b27_7_10_png.rf.167b85dc8e47cfe4a404562cce177cb0.jpg,a3a08fd47ed60ffc83c6996862782098c9a6e634,960x960,D:\SportsStrategyCoachAI\datasets\processed\field_datasets\2\train\labels\744b27_7_10_png.rf.167b85dc8e47cfe4a404562cce177cb0.txt,19,"0,1,2,3,4,5,6,7,8,9,10,11,12,13,14,15,16,30,31",744|b|27|7|10|png|rf|167|b|85|dc|8|e|47|cfe|4|a|404562|cce|177|cb|0,human_metadata_required,human_metadata_required,human_metadata_required,
train,D:\SportsStrategyCoachAI\datasets\processed\field_datasets\2\train\images\744b27_7_8_png.rf.c9b98348623e093a009e95b0b13b75ee.jpg,ecf6520129f12dbf6814a640cba637aed25e3f19,960x960,D:\SportsStrategyCoachAI\datasets\processed\field_datasets\2\train\labels\744b27_7_8_png.rf.c9b98348623e093a009e95b0b13b75ee.txt,18,"0,1,2,3,4,6,7,8,9,10,11,12,13,14,15,16,30,31",744|b|27|7|8|png|rf|c|9|b|98348623|e|093|a|009|e|95|b|0|b|13|b|75|ee,human_metadata_required,human_metadata_required,human_metadata_required,
train,D:\SportsStrategyCoachAI\datasets\processed\field_datasets\2\train\images\744b27_7_9_png.rf.ba5cf620e94c1811dc1815b203cefe7d.jpg,8cc91c1ea9eabbce23f220ba1d28b017899d6f7c,960x960,D:\SportsStrategyCoachAI\datasets\processed\field_datasets\2\train\labels\744b27_7_9_png.rf.ba5cf620e94c1811dc1815b203cefe7d.txt,18,"0,1,2,3,4,5,6,7,8,9,10,11,12,13,14,15,16,30",744|b|27|7|9|png|rf|ba|5|cf|620|e|94|c|1811|dc|1815|b|203|cefe|7|d,human_metadata_required,human_metadata_required,human_metadata_required,
train,D:\SportsStrategyCoachAI\datasets\processed\field_datasets\2\train\images\744b27_9_9_png.rf.53a0b5a0e856cafef134b7afe5cd2d9a.jpg,19737d20cc7831cd5f1e2a25f4fe0c8c093a8cfe,960x960,D:\SportsStrategyCoachAI\datasets\processed\field_datasets\2\train\labels\744b27_9_9_png.rf.53a0b5a0e856cafef134b7afe5cd2d9a.txt,16,"13,14,15,16,17,18,19,20,21,22,23,24,25,26,30,31",744|b|27|9|9|png|rf|53|a|0|b|5|a|0|e|856|cafef|134|b|7|afe|5|cd|2|d|9|a,human_metadata_required,human_metadata_required,human_metadata_required,
train,D:\SportsStrategyCoachAI\datasets\processed\field_datasets\2\train\images\798b45_7_3_png.rf.af36d7759ba9b1007781f4653b01839f.jpg,ce356e970c0596bd2bfcfb3e5e7c5375c644d323,960x960,D:\SportsStrategyCoachAI\datasets\processed\field_datasets\2\train\labels\798b45_7_3_png.rf.af36d7759ba9b1007781f4653b01839f.txt,9,"13,14,15,16,17,18,24,30,31",798|b|45|7|3|png|rf|af|36|d|7759|ba|9|b|1007781|f|4653|b|01839|f,human_metadata_required,human_metadata_required,human_metadata_required,
train,D:\SportsStrategyCoachAI\datasets\processed\field_datasets\2\train\images\798b45_7_8_png.rf.98d841c4871ae51bad97c1c302257844.jpg,3aa68ffe5d4326556950ee1cd095c0f4c758f79a,960x960,D:\SportsStrategyCoachAI\datasets\processed\field_datasets\2\train\labels\798b45_7_8_png.rf.98d841c4871ae51bad97c1c302257844.txt,15,"13,14,15,16,17,18,19,20,21,22,23,24,25,26,31",798|b|45|7|8|png|rf|98|d|841|c|4871|ae|51|bad|97|c|1|c|302257844,human_metadata_required,human_metadata_required,human_metadata_required,
train,D:\SportsStrategyCoachAI\datasets\processed\field_datasets\2\train\images\798b45_9_15_png.rf.116941d2f4a8184b8225472214bac404.jpg,d2504171e03b3f3ad00c2a1511779aa1144f419d,960x960,D:\SportsStrategyCoachAI\datasets\processed\field_datasets\2\train\labels\798b45_9_15_png.rf.116941d2f4a8184b8225472214bac404.txt,18,"0,1,2,3,4,5,6,7,8,9,10,11,12,13,14,15,16,30",798|b|45|9|15|png|rf|116941|d|2|f|4|a|8184|b|8225472214|bac|404,human_metadata_required,human_metadata_required,human_metadata_required,
train,D:\SportsStrategyCoachAI\datasets\processed\field_datasets\2\train\images\a9f16c_0_15_png.rf.9e87ae22c40f8acc3a05274bf157e5fc.jpg,b266c90272b57d0e2a8dc46b4f569b9847d1cdbd,960x960,D:\SportsStrategyCoachAI\datasets\processed\field_datasets\2\train\labels\a9f16c_0_15_png.rf.9e87ae22c40f8acc3a05274bf157e5fc.txt,18,"13,14,15,16,17,18,19,20,21,22,23,24,25,26,27,28,30,31",a|9|f|16|c|0|15|png|rf|9|e|87|ae|22|c|40|f|8|acc|3|a|05274|bf|157|e|5|fc,human_metadata_required,human_metadata_required,human_metadata_required,
train,D:\SportsStrategyCoachAI\datasets\processed\field_datasets\2\train\images\a9f16c_0_4_png.rf.525f3d1000ccce11dc5ce044b89a006f.jpg,6f4759aecbbc0f6af778e4f1477bd5fab2736708,960x960,D:\SportsStrategyCoachAI\datasets\processed\field_datasets\2\train\labels\a9f16c_0_4_png.rf.525f3d1000ccce11dc5ce044b89a006f.txt,18,"0,1,2,3,4,6,7,8,9,10,11,12,13,14,15,16,30,31",a|9|f|16|c|0|4|png|rf|525|f|3|d|1000|ccce|11|dc|5|ce|044|b|89|a|006|f,human_metadata_required,human_metadata_required,human_metadata_required,
train,D:\SportsStrategyCoachAI\datasets\processed\field_datasets\2\train\images\a9f16c_2_10_png.rf.168479c913df8ae536f3c9bf47808bb2.jpg,87891092e9426bdd892fc2c493c2d09cf9941acb,960x960,D:\SportsStrategyCoachAI\datasets\processed\field_datasets\2\train\labels\a9f16c_2_10_png.rf.168479c913df8ae536f3c9bf47808bb2.txt,18,"0,1,2,3,4,6,7,8,9,10,11,12,13,14,15,16,30,31",a|9|f|16|c|2|10|png|rf|168479|c|913|df|8|ae|536|f|3|c|9|bf|47808|bb|2,human_metadata_required,human_metadata_required,human_metadata_required,
train,D:\SportsStrategyCoachAI\datasets\processed\field_datasets\2\train\images\a9f16c_9_11_png.rf.0f6b27f6e0bc9730d9a8b1175589b979.jpg,13f79164977f88e84e9a9e90f5059059efce2440,960x960,D:\SportsStrategyCoachAI\datasets\processed\field_datasets\2\train\labels\a9f16c_9_11_png.rf.0f6b27f6e0bc9730d9a8b1175589b979.txt,13,"0,1,2,3,4,6,7,8,9,10,11,12,30",a|9|f|16|c|9|11|png|rf|0|f|6|b|27|f|6|e|0|bc|9730|d|9|a|8|b|1175589|b|979,human_metadata_required,human_metadata_required,human_metadata_required,
train,D:\SportsStrategyCoachAI\datasets\processed\field_datasets\2\train\images\a9f16c_9_15_png.rf.5b4be6c02e6480bdda482a8c3ee2b254.jpg,e1eaf504e05808b59c6d0b304548de9714bcfd6e,960x960,D:\SportsStrategyCoachAI\datasets\processed\field_datasets\2\train\labels\a9f16c_9_15_png.rf.5b4be6c02e6480bdda482a8c3ee2b254.txt,17,"0,1,2,3,4,6,7,8,9,10,11,12,13,14,15,30,31",a|9|f|16|c|9|15|png|rf|5|b|4|be|6|c|02|e|6480|bdda|482|a|8|c|3|ee|2|b|254,human_metadata_required,human_metadata_required,human_metadata_required,
train,D:\SportsStrategyCoachAI\datasets\processed\field_datasets\2\train\images\a9f16c_9_2_png.rf.6701b43abebc98419f8097b17c7ee27f.jpg,ab713c46b1db47ec849b38098babc8a271497d6d,960x960,D:\SportsStrategyCoachAI\datasets\processed\field_datasets\2\train\labels\a9f16c_9_2_png.rf.6701b43abebc98419f8097b17c7ee27f.txt,17,"0,1,2,3,4,5,6,7,8,9,10,11,12,13,14,15,30",a|9|f|16|c|9|2|png|rf|6701|b|43|abebc|98419|f|8097|b|17|c|7|ee|27|f,human_metadata_required,human_metadata_required,human_metadata_required,
train,D:\SportsStrategyCoachAI\datasets\processed\field_datasets\2\train\images\a9f16c_9_6_png.rf.89c40fe17b284794db1761d54f07f4d3.jpg,96cb7bd99ae8b1e172864436adf39a81f983916c,960x960,D:\SportsStrategyCoachAI\datasets\processed\field_datasets\2\train\labels\a9f16c_9_6_png.rf.89c40fe17b284794db1761d54f07f4d3.txt,15,"0,1,2,6,7,8,9,10,11,12,13,14,15,30,31",a|9|f|16|c|9|6|png|rf|89|c|40|fe|17|b|284794|db|1761|d|54|f|07|f|4|d|3,human_metadata_required,human_metadata_required,human_metadata_required,
train,D:\SportsStrategyCoachAI\datasets\processed\field_datasets\2\train\images\a9f16c_9_8_png.rf.c3dd77cf9005e1e5ecf380585437d585.jpg,577b06949972af0fb65ebef4a6ef79efc8f22563,960x960,D:\SportsStrategyCoachAI\datasets\processed\field_datasets\2\train\labels\a9f16c_9_8_png.rf.c3dd77cf9005e1e5ecf380585437d585.txt,15,"0,1,2,3,6,7,8,9,10,11,12,13,14,15,30",a|9|f|16|c|9|8|png|rf|c|3|dd|77|cf|9005|e|1|e|5|ecf|380585437|d|585,human_metadata_required,human_metadata_required,human_metadata_required,
train,D:\SportsStrategyCoachAI\datasets\processed\field_datasets\2\train\images\a9f16c_9_9_png.rf.31c40d18c5aa892404d160e1bccdda32.jpg,1782a093f4f450d6e03e28523b3ad014d27e4719,960x960,D:\SportsStrategyCoachAI\datasets\processed\field_datasets\2\train\labels\a9f16c_9_9_png.rf.31c40d18c5aa892404d160e1bccdda32.txt,16,"0,1,2,3,4,6,7,8,9,10,11,12,13,14,15,30",a|9|f|16|c|9|9|png|rf|31|c|40|d|18|c|5|aa|892404|d|160|e|1|bccdda|32,human_metadata_required,human_metadata_required,human_metadata_required,
train,D:\SportsStrategyCoachAI\datasets\processed\field_datasets\2\train\images\c01561_1_3_png.rf.0ab7d6ceee4c93e14419376d9cc49a4d.jpg,14649e481a03b821ae1b76550223dc66fbe9e230,960x960,D:\SportsStrategyCoachAI\datasets\processed\field_datasets\2\train\labels\c01561_1_3_png.rf.0ab7d6ceee4c93e14419376d9cc49a4d.txt,14,"13,14,15,16,17,18,19,21,22,24,25,26,30,31",c|01561|1|3|png|rf|0|ab|7|d|6|ceee|4|c|93|e|14419376|d|9|cc|49|a|4|d,human_metadata_required,human_metadata_required,human_metadata_required,
train,D:\SportsStrategyCoachAI\datasets\processed\field_datasets\2\train\images\c01561_7_1_png.rf.0e9534600b7969106837f1e93316dccd.jpg,884abc13194b98e91f45eb6c76834cae11b0b3da,960x960,D:\SportsStrategyCoachAI\datasets\processed\field_datasets\2\train\labels\c01561_7_1_png.rf.0e9534600b7969106837f1e93316dccd.txt,14,"0,1,2,3,4,5,6,7,8,9,10,11,12,30",c|01561|7|1|png|rf|0|e|9534600|b|7969106837|f|1|e|93316|dccd,human_metadata_required,human_metadata_required,human_metadata_required,
train,D:\SportsStrategyCoachAI\datasets\processed\field_datasets\2\train\images\c01561_7_2_png.rf.279966b9f8ce460f9e58b768af3a232f.jpg,eed712dee6516412405965f1d20e3c9fba97db10,960x960,D:\SportsStrategyCoachAI\datasets\processed\field_datasets\2\train\labels\c01561_7_2_png.rf.279966b9f8ce460f9e58b768af3a232f.txt,13,"0,1,2,3,4,6,7,8,9,10,11,12,30",c|01561|7|2|png|rf|279966|b|9|f|8|ce|460|f|9|e|58|b|768|af|3|a|232|f,human_metadata_required,human_metadata_required,human_metadata_required,
train,D:\SportsStrategyCoachAI\datasets\processed\field_datasets\2\train\images\cd987c_1_14_png.rf.2d8a4491ec4e47f650cf4cd3af2f4df4.jpg,6758d3ae8d63c68374dd10f1fc1676d36b780a86,960x960,D:\SportsStrategyCoachAI\datasets\processed\field_datasets\2\train\labels\cd987c_1_14_png.rf.2d8a4491ec4e47f650cf4cd3af2f4df4.txt,17,"13,14,15,16,17,18,19,20,21,22,23,24,25,26,27,28,31",cd|987|c|1|14|png|rf|2|d|8|a|4491|ec|4|e|47|f|650|cf|4|cd|3|af|2|f|4|df|4,human_metadata_required,human_metadata_required,human_metadata_required,
train,D:\SportsStrategyCoachAI\datasets\processed\field_datasets\2\train\images\cd987c_1_6_png.rf.825cc07a68ee51f64a5c59bf1f451fe6.jpg,59837c954150f5c42004787d49f4aec2ac439b08,960x960,D:\SportsStrategyCoachAI\datasets\processed\field_datasets\2\train\labels\cd987c_1_6_png.rf.825cc07a68ee51f64a5c59bf1f451fe6.txt,17,"13,14,15,16,17,18,19,20,21,22,23,24,25,26,27,28,31",cd|987|c|1|6|png|rf|825|cc|07|a|68|ee|51|f|64|a|5|c|59|bf|1|f|451|fe|6,human_metadata_required,human_metadata_required,human_metadata_required,
train,D:\SportsStrategyCoachAI\datasets\processed\field_datasets\2\train\images\cd987c_2_10_png.rf.5c07787ae47b5a048b57756b89070d4f.jpg,7edf00886543c48e47e5ff22dc507a8766692656,960x960,D:\SportsStrategyCoachAI\datasets\processed\field_datasets\2\train\labels\cd987c_2_10_png.rf.5c07787ae47b5a048b57756b89070d4f.txt,10,"9,13,14,15,16,17,18,24,30,31",cd|987|c|2|10|png|rf|5|c|07787|ae|47|b|5|a|048|b|57756|b|89070|d|4|f,human_metadata_required,human_metadata_required,human_metadata_required,
train,D:\SportsStrategyCoachAI\datasets\processed\field_datasets\2\train\images\cd987c_2_12_png.rf.4df9e90df2a613c9fcfc6a4f9bf399e1.jpg,c48b757a9830b05a6cc4222e90b218b6cc998e2c,960x960,D:\SportsStrategyCoachAI\datasets\processed\field_datasets\2\train\labels\cd987c_2_12_png.rf.4df9e90df2a613c9fcfc6a4f9bf399e1.txt,16,"13,14,15,16,17,18,19,20,21,22,23,24,25,26,30,31",cd|987|c|2|12|png|rf|4|df|9|e|90|df|2|a|613|c|9|fcfc|6|a|4|f|9|bf|399|e|1,human_metadata_required,human_metadata_required,human_metadata_required,
train,D:\SportsStrategyCoachAI\datasets\processed\field_datasets\2\train\images\cd987c_9_7_png.rf.4d23cb2cec9e6318e653cbeb440bde0e.jpg,ef1ee7bf4d62b15b19d718add7bfc36ccd20c995,960x960,D:\SportsStrategyCoachAI\datasets\processed\field_datasets\2\train\labels\cd987c_9_7_png.rf.4d23cb2cec9e6318e653cbeb440bde0e.txt,19,"0,9,10,13,14,15,16,17,18,19,20,21,22,23,24,25,26,30,31",cd|987|c|9|7|png|rf|4|d|23|cb|2|cec|9|e|6318|e|653|cbeb|440|bde|0|e,human_metadata_required,human_metadata_required,human_metadata_required,
train,D:\SportsStrategyCoachAI\datasets\processed\field_datasets\2\train\images\cd987c_9_8_png.rf.3875f7f4a4a747ee6493f10aa7730f7c.jpg,d3bd15e7938bf0daea8648b8b9fa26250df0d63c,960x960,D:\SportsStrategyCoachAI\datasets\processed\field_datasets\2\train\labels\cd987c_9_8_png.rf.3875f7f4a4a747ee6493f10aa7730f7c.txt,18,"13,14,15,16,17,18,19,20,21,22,23,24,25,26,27,28,30,31",cd|987|c|9|8|png|rf|3875|f|7|f|4|a|4|a|747|ee|6493|f|10|aa|7730|f|7|c,human_metadata_required,human_metadata_required,human_metadata_required,
train,D:\SportsStrategyCoachAI\datasets\processed\field_datasets\2\train\images\cd987c_9_9_png.rf.a99e0a5fccbac12fafef73a6c07d857d.jpg,6d279a5da85b0546f03bb0337c4665b20401cc9d,960x960,D:\SportsStrategyCoachAI\datasets\processed\field_datasets\2\train\labels\cd987c_9_9_png.rf.a99e0a5fccbac12fafef73a6c07d857d.txt,18,"13,14,15,16,17,18,19,20,21,22,23,24,25,26,27,28,30,31",cd|987|c|9|9|png|rf|a|99|e|0|a|5|fccbac|12|fafef|73|a|6|c|07|d|857|d,human_metadata_required,human_metadata_required,human_metadata_required,
train,D:\SportsStrategyCoachAI\datasets\processed\field_datasets\2\train\images\d82e7a_1_12_png.rf.43d32ce855a9f291963f4e4697a8a421.jpg,13f2d2ff1d0d84b76fd0d2e922b980a0d57648e5,960x960,D:\SportsStrategyCoachAI\datasets\processed\field_datasets\2\train\labels\d82e7a_1_12_png.rf.43d32ce855a9f291963f4e4697a8a421.txt,19,"0,1,2,3,6,7,8,9,10,11,12,13,14,15,16,17,18,30,31",d|82|e|7|a|1|12|png|rf|43|d|32|ce|855|a|9|f|291963|f|4|e|4697|a|8|a|421,human_metadata_required,human_metadata_required,human_metadata_required,
train,D:\SportsStrategyCoachAI\datasets\processed\field_datasets\2\train\images\d82e7a_1_8_png.rf.3b404a079a543a538627406089f43a63.jpg,ad37f1dcbf1f17eeb4345dee7630bff708b2fa7a,960x960,D:\SportsStrategyCoachAI\datasets\processed\field_datasets\2\train\labels\d82e7a_1_8_png.rf.3b404a079a543a538627406089f43a63.txt,18,"13,14,15,16,17,18,19,20,21,22,23,24,25,26,27,28,29,31",d|82|e|7|a|1|8|png|rf|3|b|404|a|079|a|543|a|538627406089|f|43|a|63,human_metadata_required,human_metadata_required,human_metadata_required,
train,D:\SportsStrategyCoachAI\datasets\processed\field_datasets\2\train\images\d82e7a_4_10_png.rf.748f07f35c228052efa38456e52b8c5d.jpg,fd692390df77356e271e7c62a9c6c95bdd6ffb79,960x960,D:\SportsStrategyCoachAI\datasets\processed\field_datasets\2\train\labels\d82e7a_4_10_png.rf.748f07f35c228052efa38456e52b8c5d.txt,16,"13,14,15,17,18,19,20,21,22,23,24,25,26,27,28,31",d|82|e|7|a|4|10|png|rf|748|f|07|f|35|c|228052|efa|38456|e|52|b|8|c|5|d,human_metadata_required,human_metadata_required,human_metadata_required,
train,D:\SportsStrategyCoachAI\datasets\processed\field_datasets\2\train\images\d82e7a_4_11_png.rf.875a9ab2119265853aaf12df3e1f4ceb.jpg,d40c4512fcbe733d1a56a701cfe1d0d7996e4447,960x960,D:\SportsStrategyCoachAI\datasets\processed\field_datasets\2\train\labels\d82e7a_4_11_png.rf.875a9ab2119265853aaf12df3e1f4ceb.txt,17,"13,14,15,17,18,19,20,21,22,23,24,25,26,27,28,29,31",d|82|e|7|a|4|11|png|rf|875|a|9|ab|2119265853|aaf|12|df|3|e|1|f|4|ceb,human_metadata_required,human_metadata_required,human_metadata_required,
train,D:\SportsStrategyCoachAI\datasets\processed\field_datasets\2\train\images\d82e7a_4_12_png.rf.c465a18f65ffd2d7f0373dfc0fe02ca8.jpg,7a5d0b6bd74fcca11589fe3fbc335b832e928175,960x960,D:\SportsStrategyCoachAI\datasets\processed\field_datasets\2\train\labels\d82e7a_4_12_png.rf.c465a18f65ffd2d7f0373dfc0fe02ca8.txt,17,"13,14,15,17,18,19,20,21,22,23,24,25,26,27,28,29,31",d|82|e|7|a|4|12|png|rf|c|465|a|18|f|65|ffd|2|d|7|f|0373|dfc|0|fe|02|ca|8,human_metadata_required,human_metadata_required,human_metadata_required,
train,D:\SportsStrategyCoachAI\datasets\processed\field_datasets\2\train\images\d82e7a_4_13_png.rf.7e547fc81826bcd4ad19dbfbd1a6357d.jpg,e293d348777d054db40bd0db6e5643221aae88aa,960x960,D:\SportsStrategyCoachAI\datasets\processed\field_datasets\2\train\labels\d82e7a_4_13_png.rf.7e547fc81826bcd4ad19dbfbd1a6357d.txt,16,"13,14,15,17,18,19,20,21,22,23,24,25,26,27,28,31",d|82|e|7|a|4|13|png|rf|7|e|547|fc|81826|bcd|4|ad|19|dbfbd|1|a|6357|d,human_metadata_required,human_metadata_required,human_metadata_required,
train,D:\SportsStrategyCoachAI\datasets\processed\field_datasets\2\train\images\d82e7a_4_15_png.rf.45854f4e092ea90baa6732f19f94ba9d.jpg,055429b50a8c0cd5472512e32251f8ff3ce42672,960x960,D:\SportsStrategyCoachAI\datasets\processed\field_datasets\2\train\labels\d82e7a_4_15_png.rf.45854f4e092ea90baa6732f19f94ba9d.txt,17,"13,14,15,16,17,18,19,20,21,22,23,24,25,26,27,28,31",d|82|e|7|a|4|15|png|rf|45854|f|4|e|092|ea|90|baa|6732|f|19|f|94|ba|9|d,human_metadata_required,human_metadata_required,human_metadata_required,
train,D:\SportsStrategyCoachAI\datasets\processed\field_datasets\2\train\images\d82e7a_4_4_png.rf.fc7b4d1eed26421ce5d149dccb8122b6.jpg,f52acb9147016839b6860a529e4f5d781e41f3ad,960x960,D:\SportsStrategyCoachAI\datasets\processed\field_datasets\2\train\labels\d82e7a_4_4_png.rf.fc7b4d1eed26421ce5d149dccb8122b6.txt,17,"13,14,15,16,17,18,19,20,21,22,23,24,25,26,27,30,31",d|82|e|7|a|4|4|png|rf|fc|7|b|4|d|1|eed|26421|ce|5|d|149|dccb|8122|b|6,human_metadata_required,human_metadata_required,human_metadata_required,
train,D:\SportsStrategyCoachAI\datasets\processed\field_datasets\2\train\images\d82e7a_5_11_png.rf.e04264031c1b6fe564006a2c1ed48d71.jpg,e69b55bb5bfc3487f866be5ca624b6eacc5345d0,960x960,D:\SportsStrategyCoachAI\datasets\processed\field_datasets\2\train\labels\d82e7a_5_11_png.rf.e04264031c1b6fe564006a2c1ed48d71.txt,13,"0,1,2,3,4,6,7,8,9,10,11,12,30",d|82|e|7|a|5|11|png|rf|e|04264031|c|1|b|6|fe|564006|a|2|c|1|ed|48|d|71,human_metadata_required,human_metadata_required,human_metadata_required,
train,D:\SportsStrategyCoachAI\datasets\processed\field_datasets\2\train\images\d82e7a_5_12_png.rf.6a5cd2c662db2d078bdd6e5bbb4da1c4.jpg,2c1754d626dc51c281d214c0c7d73498dd87b5c9,960x960,D:\SportsStrategyCoachAI\datasets\processed\field_datasets\2\train\labels\d82e7a_5_12_png.rf.6a5cd2c662db2d078bdd6e5bbb4da1c4.txt,15,"0,1,2,3,6,7,8,9,10,11,12,13,14,15,30",d|82|e|7|a|5|12|png|rf|6|a|5|cd|2|c|662|db|2|d|078|bdd|6|e|5|bbb|4|da|1|c|4,human_metadata_required,human_metadata_required,human_metadata_required,
train,D:\SportsStrategyCoachAI\datasets\processed\field_datasets\2\train\images\d82e7a_5_13_png.rf.ffbe5b4469e276f488c7dfffbc11cf15.jpg,42a4b923435eb229d5cc181a9e4dad1b4498962e,960x960,D:\SportsStrategyCoachAI\datasets\processed\field_datasets\2\train\labels\d82e7a_5_13_png.rf.ffbe5b4469e276f488c7dfffbc11cf15.txt,14,"0,1,2,6,7,8,9,10,11,12,13,14,15,30",d|82|e|7|a|5|13|png|rf|ffbe|5|b|4469|e|276|f|488|c|7|dfffbc|11|cf|15,human_metadata_required,human_metadata_required,human_metadata_required,
train,D:\SportsStrategyCoachAI\datasets\processed\field_datasets\2\train\images\d82e7a_5_5_png.rf.4a2a31b851fb8a0920b31f42de87ee8b.jpg,e10409798d5fab6a7d6ceb1a5fbd778bb2e7c2fb,960x960,D:\SportsStrategyCoachAI\datasets\processed\field_datasets\2\train\labels\d82e7a_5_5_png.rf.4a2a31b851fb8a0920b31f42de87ee8b.txt,18,"0,1,2,3,4,5,6,7,8,9,10,11,12,13,14,15,16,30",d|82|e|7|a|5|5|png|rf|4|a|2|a|31|b|851|fb|8|a|0920|b|31|f|42|de|87|ee|8|b,human_metadata_required,human_metadata_required,human_metadata_required,
train,D:\SportsStrategyCoachAI\datasets\processed\field_datasets\2\train\images\d82e7a_5_6_png.rf.9a7d9b34a7db68d1380a0ddf6fc61cff.jpg,3877e759bc12bb237ee373f8f03f8ac8abdab9af,960x960,D:\SportsStrategyCoachAI\datasets\processed\field_datasets\2\train\labels\d82e7a_5_6_png.rf.9a7d9b34a7db68d1380a0ddf6fc61cff.txt,18,"0,1,2,3,4,5,6,7,8,9,10,11,12,13,14,15,16,30",d|82|e|7|a|5|6|png|rf|9|a|7|d|9|b|34|a|7|db|68|d|1380|a|0|ddf|6|fc|61|cff,human_metadata_required,human_metadata_required,human_metadata_required,
train,D:\SportsStrategyCoachAI\datasets\processed\field_datasets\2\train\images\d82e7a_5_7_png.rf.0e0ad2f77ee6d0deb2348595acc80de0.jpg,37d6f8d8684f307a705f04dfe6ccdc6aaae75b4e,960x960,D:\SportsStrategyCoachAI\datasets\processed\field_datasets\2\train\labels\d82e7a_5_7_png.rf.0e0ad2f77ee6d0deb2348595acc80de0.txt,18,"0,1,2,3,4,5,6,7,8,9,10,11,12,13,14,15,16,30",d|82|e|7|a|5|7|png|rf|0|e|0|ad|2|f|77|ee|6|d|0|deb|2348595|acc|80|de|0,human_metadata_required,human_metadata_required,human_metadata_required,
train,D:\SportsStrategyCoachAI\datasets\processed\field_datasets\2\train\images\d82e7a_5_8_png.rf.48c51873688b13317822aeed69085b38.jpg,be1906e644968fd0cf246c143e17fad646d0d56b,960x960,D:\SportsStrategyCoachAI\datasets\processed\field_datasets\2\train\labels\d82e7a_5_8_png.rf.48c51873688b13317822aeed69085b38.txt,14,"0,1,2,3,4,6,7,8,9,10,11,12,15,30",d|82|e|7|a|5|8|png|rf|48|c|51873688|b|13317822|aeed|69085|b|38,human_metadata_required,human_metadata_required,human_metadata_required,
train,D:\SportsStrategyCoachAI\datasets\processed\field_datasets\2\train\images\d82e7a_5_9_png.rf.9473cafdefc3b59fad4f6ed4f5adfa12.jpg,5d82eeda645f4f6bb2642d155dece4328fa411a3,960x960,D:\SportsStrategyCoachAI\datasets\processed\field_datasets\2\train\labels\d82e7a_5_9_png.rf.9473cafdefc3b59fad4f6ed4f5adfa12.txt,13,"0,1,2,3,4,6,7,8,9,10,11,12,30",d|82|e|7|a|5|9|png|rf|9473|cafdefc|3|b|59|fad|4|f|6|ed|4|f|5|adfa|12,human_metadata_required,human_metadata_required,human_metadata_required,
train,D:\SportsStrategyCoachAI\datasets\processed\field_datasets\2\train\images\d82e7a_8_11_png.rf.5551b85d00ebac76344709be5ff3c893.jpg,2510e667f6f000a46312505e265dba150c495258,960x960,D:\SportsStrategyCoachAI\datasets\processed\field_datasets\2\train\labels\d82e7a_8_11_png.rf.5551b85d00ebac76344709be5ff3c893.txt,18,"13,14,15,16,17,18,19,20,21,22,23,24,25,26,27,28,29,31",d|82|e|7|a|8|11|png|rf|5551|b|85|d|00|ebac|76344709|be|5|ff|3|c|893,human_metadata_required,human_metadata_required,human_metadata_required,
train,D:\SportsStrategyCoachAI\datasets\processed\field_datasets\2\train\images\d82e7a_8_13_png.rf.6b201c7db7462a3741e8a3ca4b67ce76.jpg,eaac7f84f4c3311dfef1ee3bb67741ab19c589c6,960x960,D:\SportsStrategyCoachAI\datasets\processed\field_datasets\2\train\labels\d82e7a_8_13_png.rf.6b201c7db7462a3741e8a3ca4b67ce76.txt,18,"13,14,15,16,17,18,19,20,21,22,23,24,25,26,27,28,29,31",d|82|e|7|a|8|13|png|rf|6|b|201|c|7|db|7462|a|3741|e|8|a|3|ca|4|b|67|ce|76,human_metadata_required,human_metadata_required,human_metadata_required,
train,D:\SportsStrategyCoachAI\datasets\processed\field_datasets\2\train\images\d82e7a_8_14_png.rf.b73326900b58ec5ae9d09dcd85e6189b.jpg,2425d737be1c100cb2fc132a605e588150dd5c7e,960x960,D:\SportsStrategyCoachAI\datasets\processed\field_datasets\2\train\labels\d82e7a_8_14_png.rf.b73326900b58ec5ae9d09dcd85e6189b.txt,18,"13,14,15,16,17,18,19,20,21,22,23,24,25,26,27,28,29,31",d|82|e|7|a|8|14|png|rf|b|73326900|b|58|ec|5|ae|9|d|09|dcd|85|e|6189|b,human_metadata_required,human_metadata_required,human_metadata_required,
train,D:\SportsStrategyCoachAI\datasets\processed\field_datasets\2\train\images\d82e7a_8_15_png.rf.6e090a620e8aafd6753537be7f779141.jpg,32f26e135607bb62798517694576d9e0e92bc03f,960x960,D:\SportsStrategyCoachAI\datasets\processed\field_datasets\2\train\labels\d82e7a_8_15_png.rf.6e090a620e8aafd6753537be7f779141.txt,13,"17,18,19,20,21,22,23,24,25,26,27,28,31",d|82|e|7|a|8|15|png|rf|6|e|090|a|620|e|8|aafd|6753537|be|7|f|779141,human_metadata_required,human_metadata_required,human_metadata_required,
train,D:\SportsStrategyCoachAI\datasets\processed\field_datasets\2\train\images\d82e7a_8_1_png.rf.3075463dbf35583a03ec591cc70713ea.jpg,194bf257121efa386e42d450b0fcb22b7eba12dc,960x960,D:\SportsStrategyCoachAI\datasets\processed\field_datasets\2\train\labels\d82e7a_8_1_png.rf.3075463dbf35583a03ec591cc70713ea.txt,17,"0,1,2,3,6,7,8,9,10,11,12,13,14,15,16,30,31",d|82|e|7|a|8|1|png|rf|3075463|dbf|35583|a|03|ec|591|cc|70713|ea,human_metadata_required,human_metadata_required,human_metadata_required,
train,D:\SportsStrategyCoachAI\datasets\processed\field_datasets\2\train\images\d82e7a_8_6_png.rf.570d7f967f8620fc5c50fb2c3c4eadbd.jpg,0e90974d91a2d87bd4f94756f2343f269400f5c6,960x960,D:\SportsStrategyCoachAI\datasets\processed\field_datasets\2\train\labels\d82e7a_8_6_png.rf.570d7f967f8620fc5c50fb2c3c4eadbd.txt,14,"0,1,2,6,8,9,10,11,13,14,15,16,30,31",d|82|e|7|a|8|6|png|rf|570|d|7|f|967|f|8620|fc|5|c|50|fb|2|c|3|c|4|eadbd,human_metadata_required,human_metadata_required,human_metadata_required,
train,D:\SportsStrategyCoachAI\datasets\processed\field_datasets\2\train\images\d82e7a_8_7_png.rf.66bf16cb6c1582fd771318d279fc494f.jpg,1ebcad8e6e7099be58e8cc64710cd74f3abb17ab,960x960,D:\SportsStrategyCoachAI\datasets\processed\field_datasets\2\train\labels\d82e7a_8_7_png.rf.66bf16cb6c1582fd771318d279fc494f.txt,12,"0,1,6,8,9,10,11,13,14,15,30,31",d|82|e|7|a|8|7|png|rf|66|bf|16|cb|6|c|1582|fd|771318|d|279|fc|494|f,human_metadata_required,human_metadata_required,human_metadata_required,
train,D:\SportsStrategyCoachAI\datasets\processed\field_datasets\2\train\images\d82e7a_8_8_png.rf.e0c7c596e065028d18036851090907b5.jpg,88d64b64c671640e9b13ef3948cd821930ab7224,960x960,D:\SportsStrategyCoachAI\datasets\processed\field_datasets\2\train\labels\d82e7a_8_8_png.rf.e0c7c596e065028d18036851090907b5.txt,9,"9,10,13,14,15,17,18,30,31",d|82|e|7|a|8|8|png|rf|e|0|c|7|c|596|e|065028|d|18036851090907|b|5,human_metadata_required,human_metadata_required,human_metadata_required,
train,D:\SportsStrategyCoachAI\datasets\processed\field_datasets\2\train\images\e624c9_7_10_png.rf.7ce386bd01baf2c2347d98ee1537b89b.jpg,3d73e0e7a6ec95c7df690281c398d003c64fb4dc,960x960,D:\SportsStrategyCoachAI\datasets\processed\field_datasets\2\train\labels\e624c9_7_10_png.rf.7ce386bd01baf2c2347d98ee1537b89b.txt,17,"13,14,15,16,17,18,19,20,21,22,23,24,25,26,27,28,31",e|624|c|9|7|10|png|rf|7|ce|386|bd|01|baf|2|c|2347|d|98|ee|1537|b|89|b,human_metadata_required,human_metadata_required,human_metadata_required,
train,D:\SportsStrategyCoachAI\datasets\processed\field_datasets\2\train\images\e624c9_7_14_png.rf.5889653ba6bc9f1162866b5016c3696d.jpg,a3f726014cc82de0b7d0789b60eea9dd432c06ea,960x960,D:\SportsStrategyCoachAI\datasets\processed\field_datasets\2\train\labels\e624c9_7_14_png.rf.5889653ba6bc9f1162866b5016c3696d.txt,9,"9,13,14,15,16,17,18,30,31",e|624|c|9|7|14|png|rf|5889653|ba|6|bc|9|f|1162866|b|5016|c|3696|d,human_metadata_required,human_metadata_required,human_metadata_required,
train,D:\SportsStrategyCoachAI\datasets\processed\field_datasets\2\train\images\e624c9_7_1_png.rf.e5f3199b77333a522ec289daff7d2abc.jpg,851f9a2de0e49744bc9092eafc3528fee049eea4,960x960,D:\SportsStrategyCoachAI\datasets\processed\field_datasets\2\train\labels\e624c9_7_1_png.rf.e5f3199b77333a522ec289daff7d2abc.txt,6,"13,14,15,17,30,31",e|624|c|9|7|1|png|rf|e|5|f|3199|b|77333|a|522|ec|289|daff|7|d|2|abc,human_metadata_required,human_metadata_required,human_metadata_required,
train,D:\SportsStrategyCoachAI\datasets\processed\field_datasets\2\train\images\e624c9_7_3_png.rf.2ddc6eef3cc840d4051e661674dc31cb.jpg,b412e5db0899aef92be90bb9308dd48efb2d37ae,960x960,D:\SportsStrategyCoachAI\datasets\processed\field_datasets\2\train\labels\e624c9_7_3_png.rf.2ddc6eef3cc840d4051e661674dc31cb.txt,10,"13,14,15,16,17,18,19,24,30,31",e|624|c|9|7|3|png|rf|2|ddc|6|eef|3|cc|840|d|4051|e|661674|dc|31|cb,human_metadata_required,human_metadata_required,human_metadata_required,
train,D:\SportsStrategyCoachAI\datasets\processed\field_datasets\2\train\images\e624c9_7_5_png.rf.d0fe46197eeb21908d47c4c12aea12cb.jpg,2b131889e3a44fd6861d72017203c9a3e3398fb6,960x960,D:\SportsStrategyCoachAI\datasets\processed\field_datasets\2\train\labels\e624c9_7_5_png.rf.d0fe46197eeb21908d47c4c12aea12cb.txt,15,"13,14,15,16,17,18,19,20,21,22,24,25,26,30,31",e|624|c|9|7|5|png|rf|d|0|fe|46197|eeb|21908|d|47|c|4|c|12|aea|12|cb,human_metadata_required,human_metadata_required,human_metadata_required,
train,D:\SportsStrategyCoachAI\datasets\processed\field_datasets\2\train\images\e624c9_7_8_png.rf.9d6a66737142a2d02cd453f12dcf8298.jpg,0bf1220822de8a33475a826176f20437d51416c1,960x960,D:\SportsStrategyCoachAI\datasets\processed\field_datasets\2\train\labels\e624c9_7_8_png.rf.9d6a66737142a2d02cd453f12dcf8298.txt,15,"15,16,17,18,19,20,21,22,23,24,25,26,27,28,31",e|624|c|9|7|8|png|rf|9|d|6|a|66737142|a|2|d|02|cd|453|f|12|dcf|8298,human_metadata_required,human_metadata_required,human_metadata_required,
train,D:\SportsStrategyCoachAI\datasets\processed\field_datasets\2\train\images\e624c9_7_9_png.rf.e7c2671ecea2d27381722ccba4d3164b.jpg,c9737b179c01d65f52d97fe1c6a06547936b9a5b,960x960,D:\SportsStrategyCoachAI\datasets\processed\field_datasets\2\train\labels\e624c9_7_9_png.rf.e7c2671ecea2d27381722ccba4d3164b.txt,14,"16,17,18,19,20,21,22,23,24,25,26,27,28,31",e|624|c|9|7|9|png|rf|e|7|c|2671|ecea|2|d|27381722|ccba|4|d|3164|b,human_metadata_required,human_metadata_required,human_metadata_required,
train,D:\SportsStrategyCoachAI\datasets\processed\field_datasets\2\train\images\ec783a_1_10_png.rf.e28b332a257afa7e0ff7e58f3d62ab3e.jpg,8cb2d299d0b0e9b877303bcb301639b027ec980e,960x960,D:\SportsStrategyCoachAI\datasets\processed\field_datasets\2\train\labels\ec783a_1_10_png.rf.e28b332a257afa7e0ff7e58f3d62ab3e.txt,17,"0,1,2,3,6,7,8,9,10,11,12,13,14,15,16,30,31",ec|783|a|1|10|png|rf|e|28|b|332|a|257|afa|7|e|0|ff|7|e|58|f|3|d|62|ab|3|e,human_metadata_required,human_metadata_required,human_metadata_required,
train,D:\SportsStrategyCoachAI\datasets\processed\field_datasets\2\train\images\ec783a_1_15_png.rf.76c609a60ab8247059f83b42500ab5f4.jpg,9367130febd2a05491b1c75cd3de9ade786ee49f,960x960,D:\SportsStrategyCoachAI\datasets\processed\field_datasets\2\train\labels\ec783a_1_15_png.rf.76c609a60ab8247059f83b42500ab5f4.txt,10,"0,9,10,13,14,15,16,17,30,31",ec|783|a|1|15|png|rf|76|c|609|a|60|ab|8247059|f|83|b|42500|ab|5|f|4,human_metadata_required,human_metadata_required,human_metadata_required,
train,D:\SportsStrategyCoachAI\datasets\processed\field_datasets\2\train\images\ec783a_1_1_png.rf.3e1f7979ab04da3349a5441429c5dfc4.jpg,5572638d141e66a118fd5c7db3c03d52a124e7c3,960x960,D:\SportsStrategyCoachAI\datasets\processed\field_datasets\2\train\labels\ec783a_1_1_png.rf.3e1f7979ab04da3349a5441429c5dfc4.txt,17,"0,1,2,3,4,6,7,8,9,10,11,12,13,14,15,16,30",ec|783|a|1|1|png|rf|3|e|1|f|7979|ab|04|da|3349|a|5441429|c|5|dfc|4,human_metadata_required,human_metadata_required,human_metadata_required,
train,D:\SportsStrategyCoachAI\datasets\processed\field_datasets\2\train\images\ec783a_1_3_png.rf.343f7df7ff6e56a85866796235fa62f9.jpg,ca797f8de51a7fc487c6a59eafb121c88e02e42d,960x960,D:\SportsStrategyCoachAI\datasets\processed\field_datasets\2\train\labels\ec783a_1_3_png.rf.343f7df7ff6e56a85866796235fa62f9.txt,18,"0,1,2,3,4,5,6,7,8,9,10,11,12,13,14,15,16,30",ec|783|a|1|3|png|rf|343|f|7|df|7|ff|6|e|56|a|85866796235|fa|62|f|9,human_metadata_required,human_metadata_required,human_metadata_required,
train,D:\SportsStrategyCoachAI\datasets\processed\field_datasets\2\train\images\ec783a_1_4_png.rf.944d661be80d2ac3ae32b5dc934136ed.jpg,a0f704d0c6243124c5add75e329fa61f001d8587,960x960,D:\SportsStrategyCoachAI\datasets\processed\field_datasets\2\train\labels\ec783a_1_4_png.rf.944d661be80d2ac3ae32b5dc934136ed.txt,17,"0,1,2,3,4,6,7,8,9,10,11,12,13,14,15,16,30",ec|783|a|1|4|png|rf|944|d|661|be|80|d|2|ac|3|ae|32|b|5|dc|934136|ed,human_metadata_required,human_metadata_required,human_metadata_required,
train,D:\SportsStrategyCoachAI\datasets\processed\field_datasets\2\train\images\ec783a_1_5_png.rf.6a4e67e8861b2145f96ab92101d9a729.jpg,5fc8430b0fc041aeb5dd5985775842db2ae901ea,960x960,D:\SportsStrategyCoachAI\datasets\processed\field_datasets\2\train\labels\ec783a_1_5_png.rf.6a4e67e8861b2145f96ab92101d9a729.txt,18,"0,1,2,3,4,6,7,8,9,10,11,12,13,14,15,16,30,31",ec|783|a|1|5|png|rf|6|a|4|e|67|e|8861|b|2145|f|96|ab|92101|d|9|a|729,human_metadata_required,human_metadata_required,human_metadata_required,
train,D:\SportsStrategyCoachAI\datasets\processed\field_datasets\2\train\images\ec783a_1_7_png.rf.4f65895dce1225820a0b3f1201474ee1.jpg,37524a452c7ad45c2266f971bfda27370120dcc2,960x960,D:\SportsStrategyCoachAI\datasets\processed\field_datasets\2\train\labels\ec783a_1_7_png.rf.4f65895dce1225820a0b3f1201474ee1.txt,18,"0,1,2,3,4,6,7,8,9,10,11,12,13,14,15,16,30,31",ec|783|a|1|7|png|rf|4|f|65895|dce|1225820|a|0|b|3|f|1201474|ee|1,human_metadata_required,human_metadata_required,human_metadata_required,
train,D:\SportsStrategyCoachAI\datasets\processed\field_datasets\2\train\images\ec783a_1_8_png.rf.a5fa5e97373373499c91338794b134ca.jpg,9e4d5336b3b907c5b9f1cb97523ee1fc6c73ceae,960x960,D:\SportsStrategyCoachAI\datasets\processed\field_datasets\2\train\labels\ec783a_1_8_png.rf.a5fa5e97373373499c91338794b134ca.txt,18,"0,1,2,3,4,6,7,8,9,10,11,12,13,14,15,16,30,31",ec|783|a|1|8|png|rf|a|5|fa|5|e|97373373499|c|91338794|b|134|ca,human_metadata_required,human_metadata_required,human_metadata_required,
train,D:\SportsStrategyCoachAI\datasets\processed\field_datasets\2\train\images\ec783a_7_10_png.rf.7e33c1785f7adcac2e6f8cabc8bf13dd.jpg,ff29a4d85596204db0c7c191dfdd592324b6858e,960x960,D:\SportsStrategyCoachAI\datasets\processed\field_datasets\2\train\labels\ec783a_7_10_png.rf.7e33c1785f7adcac2e6f8cabc8bf13dd.txt,13,"13,14,15,16,17,18,19,21,22,24,25,30,31",ec|783|a|7|10|png|rf|7|e|33|c|1785|f|7|adcac|2|e|6|f|8|cabc|8|bf|13|dd,human_metadata_required,human_metadata_required,human_metadata_required,
train,D:\SportsStrategyCoachAI\datasets\processed\field_datasets\2\train\images\ec783a_7_14_png.rf.45dbf2ad6e652f631bd3162ebc66ba49.jpg,9ed7214807647109489a844cb63e278d98b99e6a,960x960,D:\SportsStrategyCoachAI\datasets\processed\field_datasets\2\train\labels\ec783a_7_14_png.rf.45dbf2ad6e652f631bd3162ebc66ba49.txt,9,"13,14,15,16,17,18,24,30,31",ec|783|a|7|14|png|rf|45|dbf|2|ad|6|e|652|f|631|bd|3162|ebc|66|ba|49,human_metadata_required,human_metadata_required,human_metadata_required,
train,D:\SportsStrategyCoachAI\datasets\processed\field_datasets\2\train\images\ec783a_7_2_png.rf.daaabe8779a5bcced2ba69f6cac46bf6.jpg,9af6f418de75256e9f9f81034893518edb5ffce1,960x960,D:\SportsStrategyCoachAI\datasets\processed\field_datasets\2\train\labels\ec783a_7_2_png.rf.daaabe8779a5bcced2ba69f6cac46bf6.txt,11,"17,18,19,20,21,22,23,24,25,26,27",ec|783|a|7|2|png|rf|daaabe|8779|a|5|bcced|2|ba|69|f|6|cac|46|bf|6,human_metadata_required,human_metadata_required,human_metadata_required,
train,D:\SportsStrategyCoachAI\datasets\processed\field_datasets\2\train\images\ec783a_7_3_png.rf.57a3dc7472ec7a843eb6586d51ccba9f.jpg,9e43e584c680611f2cceb65e9712df6b93a79be6,960x960,D:\SportsStrategyCoachAI\datasets\processed\field_datasets\2\train\labels\ec783a_7_3_png.rf.57a3dc7472ec7a843eb6586d51ccba9f.txt,11,"17,18,19,20,21,22,23,24,25,26,27",ec|783|a|7|3|png|rf|57|a|3|dc|7472|ec|7|a|843|eb|6586|d|51|ccba|9|f,human_metadata_required,human_metadata_required,human_metadata_required,
train,D:\SportsStrategyCoachAI\datasets\processed\field_datasets\2\train\images\ec783a_7_4_png.rf.2f1c77ad1d9d69aa4f18b0d91bdd45a3.jpg,bb05b4fc8d279b6ef582d6e6b49d2c0612a543cf,960x960,D:\SportsStrategyCoachAI\datasets\processed\field_datasets\2\train\labels\ec783a_7_4_png.rf.2f1c77ad1d9d69aa4f18b0d91bdd45a3.txt,9,"17,18,19,20,21,22,24,25,26",ec|783|a|7|4|png|rf|2|f|1|c|77|ad|1|d|9|d|69|aa|4|f|18|b|0|d|91|bdd|45|a|3,human_metadata_required,human_metadata_required,human_metadata_required,
train,D:\SportsStrategyCoachAI\datasets\processed\field_datasets\2\train\images\ec783a_7_7_png.rf.f70175c693512e82dbf81110ebe1bbae.jpg,760696f91a204f9b607134261efa737e04d48b54,960x960,D:\SportsStrategyCoachAI\datasets\processed\field_datasets\2\train\labels\ec783a_7_7_png.rf.f70175c693512e82dbf81110ebe1bbae.txt,16,"13,14,15,16,17,18,19,20,21,22,23,24,25,26,27,31",ec|783|a|7|7|png|rf|f|70175|c|693512|e|82|dbf|81110|ebe|1|bbae,human_metadata_required,human_metadata_required,human_metadata_required,
train,D:\SportsStrategyCoachAI\datasets\processed\field_datasets\2\train\images\ec783a_7_8_png.rf.9dcdeb141f8f7a10d6d72ba3b2397d2c.jpg,042acf6bf69719a2f334eac1a0ba9e4da33540ad,960x960,D:\SportsStrategyCoachAI\datasets\processed\field_datasets\2\train\labels\ec783a_7_8_png.rf.9dcdeb141f8f7a10d6d72ba3b2397d2c.txt,15,"13,14,15,16,17,18,19,20,21,22,24,25,26,30,31",ec|783|a|7|8|png|rf|9|dcdeb|141|f|8|f|7|a|10|d|6|d|72|ba|3|b|2397|d|2|c,human_metadata_required,human_metadata_required,human_metadata_required,
valid,D:\SportsStrategyCoachAI\datasets\processed\field_datasets\2\valid\images\08fd33_2_3_png.rf.3b05a481faf8f65ccb3a77e94c208bcd.jpg,3c832818ef05efdb2b969f37e529722109417d38,960x960,D:\SportsStrategyCoachAI\datasets\processed\field_datasets\2\valid\labels\08fd33_2_3_png.rf.3b05a481faf8f65ccb3a77e94c208bcd.txt,15,"13,14,15,16,17,18,19,20,21,22,23,24,25,26,31",08|fd|33|2|3|png|rf|3|b|05|a|481|faf|8|f|65|ccb|3|a|77|e|94|c|208|bcd,human_metadata_required,human_metadata_required,human_metadata_required,
valid,D:\SportsStrategyCoachAI\datasets\processed\field_datasets\2\valid\images\08fd33_3_5_png.rf.8070d4798058311a163867d70771d1be.jpg,f65d79a02a7ee7ab9ef6d985e12a108bbc4a53e7,960x960,D:\SportsStrategyCoachAI\datasets\processed\field_datasets\2\valid\labels\08fd33_3_5_png.rf.8070d4798058311a163867d70771d1be.txt,7,"13,14,15,16,17,30,31",08|fd|33|3|5|png|rf|8070|d|4798058311|a|163867|d|70771|d|1|be,human_metadata_required,human_metadata_required,human_metadata_required,
valid,D:\SportsStrategyCoachAI\datasets\processed\field_datasets\2\valid\images\08fd33_6_10_png.rf.2d7f5ff0b4c3bbeca0e9ef1af4c76cfe.jpg,b24a76e23974b164004aa3d99806e88140fd152c,960x960,D:\SportsStrategyCoachAI\datasets\processed\field_datasets\2\valid\labels\08fd33_6_10_png.rf.2d7f5ff0b4c3bbeca0e9ef1af4c76cfe.txt,12,"0,1,2,3,6,7,8,9,10,11,12,30",08|fd|33|6|10|png|rf|2|d|7|f|5|ff|0|b|4|c|3|bbeca|0|e|9|ef|1|af|4|c|76|cfe,human_metadata_required,human_metadata_required,human_metadata_required,
valid,D:\SportsStrategyCoachAI\datasets\processed\field_datasets\2\valid\images\0a2d9b_2_7_png.rf.b378d8deb262031318eae245f8f269de.jpg,d2caae5a3e8203ae3b58f43ef56ebc35b6e671da,960x960,D:\SportsStrategyCoachAI\datasets\processed\field_datasets\2\valid\labels\0a2d9b_2_7_png.rf.b378d8deb262031318eae245f8f269de.txt,18,"0,1,2,3,4,6,7,8,9,10,11,12,13,14,15,16,30,31",0|a|2|d|9|b|2|7|png|rf|b|378|d|8|deb|262031318|eae|245|f|8|f|269|de,human_metadata_required,human_metadata_required,human_metadata_required,
valid,D:\SportsStrategyCoachAI\datasets\processed\field_datasets\2\valid\images\0bfacc_1_11_png.rf.a5860bef53e0006fff804dac2cf2f520.jpg,2ffc04b4450018fddd1d9dff4cac2347aa778aa2,960x960,D:\SportsStrategyCoachAI\datasets\processed\field_datasets\2\valid\labels\0bfacc_1_11_png.rf.a5860bef53e0006fff804dac2cf2f520.txt,17,"0,1,2,3,4,6,7,8,9,10,11,12,13,14,15,16,30",0|bfacc|1|11|png|rf|a|5860|bef|53|e|0006|fff|804|dac|2|cf|2|f|520,human_metadata_required,human_metadata_required,human_metadata_required,
valid,D:\SportsStrategyCoachAI\datasets\processed\field_datasets\2\valid\images\0bfacc_1_1_png.rf.508c9005dba3d718dcbe623f8d74fb77.jpg,4d9c3efd20c6f27dcb3cbf02c003978d29a96357,960x960,D:\SportsStrategyCoachAI\datasets\processed\field_datasets\2\valid\labels\0bfacc_1_1_png.rf.508c9005dba3d718dcbe623f8d74fb77.txt,16,"13,14,15,16,17,18,19,20,21,22,23,24,25,26,27,31",0|bfacc|1|1|png|rf|508|c|9005|dba|3|d|718|dcbe|623|f|8|d|74|fb|77,human_metadata_required,human_metadata_required,human_metadata_required,
valid,D:\SportsStrategyCoachAI\datasets\processed\field_datasets\2\valid\images\0bfacc_1_9_png.rf.5f30826113973057147dd9cf79f4baaf.jpg,7db1c5736518f6043aef26007fc9c862619172d3,960x960,D:\SportsStrategyCoachAI\datasets\processed\field_datasets\2\valid\labels\0bfacc_1_9_png.rf.5f30826113973057147dd9cf79f4baaf.txt,15,"0,1,2,6,8,9,10,11,12,13,14,15,16,30,31",0|bfacc|1|9|png|rf|5|f|30826113973057147|dd|9|cf|79|f|4|baaf,human_metadata_required,human_metadata_required,human_metadata_required,
valid,D:\SportsStrategyCoachAI\datasets\processed\field_datasets\2\valid\images\121364_3_5_png.rf.3ea7c60c8f5b5009d9cee45fb27f843a.jpg,0b776b853cdade78b782c0c5d2f36d7d99bc7986,960x960,D:\SportsStrategyCoachAI\datasets\processed\field_datasets\2\valid\labels\121364_3_5_png.rf.3ea7c60c8f5b5009d9cee45fb27f843a.txt,16,"0,1,2,3,6,7,8,9,10,11,12,13,14,15,30,31",121364|3|5|png|rf|3|ea|7|c|60|c|8|f|5|b|5009|d|9|cee|45|fb|27|f|843|a,human_metadata_required,human_metadata_required,human_metadata_required,
valid,D:\SportsStrategyCoachAI\datasets\processed\field_datasets\2\valid\images\121364_4_1_png.rf.bb862bd81fdc9bef19000e6f403c477a.jpg,7a9eafb875cec0ce9144bcd1d3ec45e27268641f,960x960,D:\SportsStrategyCoachAI\datasets\processed\field_datasets\2\valid\labels\121364_4_1_png.rf.bb862bd81fdc9bef19000e6f403c477a.txt,14,"0,1,2,3,4,5,6,7,8,9,10,11,12,30",121364|4|1|png|rf|bb|862|bd|81|fdc|9|bef|19000|e|6|f|403|c|477|a,human_metadata_required,human_metadata_required,human_metadata_required,
valid,D:\SportsStrategyCoachAI\datasets\processed\field_datasets\2\valid\images\121364_7_1_png.rf.740a5a9d85624e888686a72f4f5bf7e6.jpg,86002319c7df339ab669dbb5e755a1358fbd5443,960x960,D:\SportsStrategyCoachAI\datasets\processed\field_datasets\2\valid\labels\121364_7_1_png.rf.740a5a9d85624e888686a72f4f5bf7e6.txt,12,"17,18,19,20,21,22,23,24,25,26,27,31",121364|7|1|png|rf|740|a|5|a|9|d|85624|e|888686|a|72|f|4|f|5|bf|7|e|6,human_metadata_required,human_metadata_required,human_metadata_required,
valid,D:\SportsStrategyCoachAI\datasets\processed\field_datasets\2\valid\images\121364_9_2_png.rf.2f30184270f4877b2798f244ae7fae37.jpg,07de96ab20d49068e248bea6451c83d7dc31ccdb,960x960,D:\SportsStrategyCoachAI\datasets\processed\field_datasets\2\valid\labels\121364_9_2_png.rf.2f30184270f4877b2798f244ae7fae37.txt,15,"9,13,14,15,16,17,18,19,21,22,24,25,26,30,31",121364|9|2|png|rf|2|f|30184270|f|4877|b|2798|f|244|ae|7|fae|37,human_metadata_required,human_metadata_required,human_metadata_required,
valid,D:\SportsStrategyCoachAI\datasets\processed\field_datasets\2\valid\images\121364_9_8_png.rf.821428ba40d062a349a3c5c37d76ee3a.jpg,32a8dfee270175868d0acae085a8e5530474b465,960x960,D:\SportsStrategyCoachAI\datasets\processed\field_datasets\2\valid\labels\121364_9_8_png.rf.821428ba40d062a349a3c5c37d76ee3a.txt,15,"0,1,2,3,6,7,8,9,10,11,12,13,14,15,30",121364|9|8|png|rf|821428|ba|40|d|062|a|349|a|3|c|5|c|37|d|76|ee|3|a,human_metadata_required,human_metadata_required,human_metadata_required,
valid,D:\SportsStrategyCoachAI\datasets\processed\field_datasets\2\valid\images\2e57b9_2_2_png.rf.aca9ff8f95e2ec633fa50979ed26c941.jpg,4a71678bc882ed37f7039b6f0c1ce8c82ffbc9ec,960x960,D:\SportsStrategyCoachAI\datasets\processed\field_datasets\2\valid\labels\2e57b9_2_2_png.rf.aca9ff8f95e2ec633fa50979ed26c941.txt,16,"9,13,14,15,16,17,18,19,20,21,22,24,25,26,30,31",2|e|57|b|9|2|2|png|rf|aca|9|ff|8|f|95|e|2|ec|633|fa|50979|ed|26|c|941,human_metadata_required,human_metadata_required,human_metadata_required,
valid,D:\SportsStrategyCoachAI\datasets\processed\field_datasets\2\valid\images\2e57b9_5_10_png.rf.ca276c91594e1742a9e6982f153f82d5.jpg,a8ccd1d8ca6755ffe455765fa55a130d72632b05,960x960,D:\SportsStrategyCoachAI\datasets\processed\field_datasets\2\valid\labels\2e57b9_5_10_png.rf.ca276c91594e1742a9e6982f153f82d5.txt,16,"0,1,2,6,8,9,10,11,12,13,14,15,16,17,30,31",2|e|57|b|9|5|10|png|rf|ca|276|c|91594|e|1742|a|9|e|6982|f|153|f|82|d|5,human_metadata_required,human_metadata_required,human_metadata_required,
valid,D:\SportsStrategyCoachAI\datasets\processed\field_datasets\2\valid\images\2e57b9_8_3_png.rf.a08a4ea8dab737d62df27ec3adcfa3b0.jpg,bddb214a14722cba4e6d8d50f4e10002c2906bfa,960x960,D:\SportsStrategyCoachAI\datasets\processed\field_datasets\2\valid\labels\2e57b9_8_3_png.rf.a08a4ea8dab737d62df27ec3adcfa3b0.txt,14,"13,14,15,16,17,18,19,21,22,24,25,26,30,31",2|e|57|b|9|8|3|png|rf|a|08|a|4|ea|8|dab|737|d|62|df|27|ec|3|adcfa|3|b|0,human_metadata_required,human_metadata_required,human_metadata_required,
valid,D:\SportsStrategyCoachAI\datasets\processed\field_datasets\2\valid\images\2e57b9_9_13_png.rf.e9f93b1a9d85fe0e64f6bdf44fe9d057.jpg,7672ec28a4aee076e7baf0b2ee8af4555ddd2bd8,960x960,D:\SportsStrategyCoachAI\datasets\processed\field_datasets\2\valid\labels\2e57b9_9_13_png.rf.e9f93b1a9d85fe0e64f6bdf44fe9d057.txt,18,"0,1,2,6,8,9,10,11,12,13,14,15,16,17,18,24,30,31",2|e|57|b|9|9|13|png|rf|e|9|f|93|b|1|a|9|d|85|fe|0|e|64|f|6|bdf|44|fe|9|d|057,human_metadata_required,human_metadata_required,human_metadata_required,
valid,D:\SportsStrategyCoachAI\datasets\processed\field_datasets\2\valid\images\42ba34_0_3_png.rf.09d29be3c58b9de80a7039315743252f.jpg,d0c71f941a47b91b0326f1833c6b12edd0174022,960x960,D:\SportsStrategyCoachAI\datasets\processed\field_datasets\2\valid\labels\42ba34_0_3_png.rf.09d29be3c58b9de80a7039315743252f.txt,8,"9,13,14,15,16,17,30,31",42|ba|34|0|3|png|rf|09|d|29|be|3|c|58|b|9|de|80|a|7039315743252|f,human_metadata_required,human_metadata_required,human_metadata_required,
valid,D:\SportsStrategyCoachAI\datasets\processed\field_datasets\2\valid\images\42ba34_0_6_png.rf.4d2df1b47d37886775bc5a07cc9cf8ca.jpg,a0b1f223bb9118974f8ed3684423d49afd9134dc,960x960,D:\SportsStrategyCoachAI\datasets\processed\field_datasets\2\valid\labels\42ba34_0_6_png.rf.4d2df1b47d37886775bc5a07cc9cf8ca.txt,16,"13,14,15,16,17,18,19,20,21,22,23,24,25,26,30,31",42|ba|34|0|6|png|rf|4|d|2|df|1|b|47|d|37886775|bc|5|a|07|cc|9|cf|8|ca,human_metadata_required,human_metadata_required,human_metadata_required,
valid,D:\SportsStrategyCoachAI\datasets\processed\field_datasets\2\valid\images\42ba34_2_9_png.rf.24d123feb54fe9d5c63836116215dea2.jpg,fc8fac87f023d6607c10109b7ab4ad306d0f44c6,960x960,D:\SportsStrategyCoachAI\datasets\processed\field_datasets\2\valid\labels\42ba34_2_9_png.rf.24d123feb54fe9d5c63836116215dea2.txt,18,"0,1,2,3,6,7,8,9,10,11,12,13,14,15,16,17,30,31",42|ba|34|2|9|png|rf|24|d|123|feb|54|fe|9|d|5|c|63836116215|dea|2,human_metadata_required,human_metadata_required,human_metadata_required,
valid,D:\SportsStrategyCoachAI\datasets\processed\field_datasets\2\valid\images\42ba34_5_5_png.rf.3d6cf0656b17f539b1e828013fc1a11f.jpg,1293ad709ab6947577c7dcd8ff6b24b3bd0e394f,960x960,D:\SportsStrategyCoachAI\datasets\processed\field_datasets\2\valid\labels\42ba34_5_5_png.rf.3d6cf0656b17f539b1e828013fc1a11f.txt,16,"14,15,16,17,18,19,20,21,22,23,24,25,26,27,28,31",42|ba|34|5|5|png|rf|3|d|6|cf|0656|b|17|f|539|b|1|e|828013|fc|1|a|11|f,human_metadata_required,human_metadata_required,human_metadata_required,
valid,D:\SportsStrategyCoachAI\datasets\processed\field_datasets\2\valid\images\42ba34_6_2_png.rf.5ff07698dd6eca6060b0022ab1c26f43.jpg,26810f6eacd08b5957eac4a5854d3e130e14ac4b,960x960,D:\SportsStrategyCoachAI\datasets\processed\field_datasets\2\valid\labels\42ba34_6_2_png.rf.5ff07698dd6eca6060b0022ab1c26f43.txt,19,"0,1,2,3,4,5,6,7,8,9,10,11,12,13,14,15,16,30,31",42|ba|34|6|2|png|rf|5|ff|07698|dd|6|eca|6060|b|0022|ab|1|c|26|f|43,human_metadata_required,human_metadata_required,human_metadata_required,
valid,D:\SportsStrategyCoachAI\datasets\processed\field_datasets\2\valid\images\42ba34_9_6_png.rf.d76ee5da8e1712addc4dd3a940c9969b.jpg,41acf14b033a0d1e6f66e28ca32fa57f90e926e5,960x960,D:\SportsStrategyCoachAI\datasets\processed\field_datasets\2\valid\labels\42ba34_9_6_png.rf.d76ee5da8e1712addc4dd3a940c9969b.txt,18,"0,1,2,3,4,6,7,8,9,10,11,12,13,14,15,16,30,31",42|ba|34|9|6|png|rf|d|76|ee|5|da|8|e|1712|addc|4|dd|3|a|940|c|9969|b,human_metadata_required,human_metadata_required,human_metadata_required,
valid,D:\SportsStrategyCoachAI\datasets\processed\field_datasets\2\valid\images\4b770a_7_9_png.rf.b1c92f14ce293ebbbfb75106d8c5a737.jpg,b7a5fec696e4480e9a2167f02c894e246d20d622,960x960,D:\SportsStrategyCoachAI\datasets\processed\field_datasets\2\valid\labels\4b770a_7_9_png.rf.b1c92f14ce293ebbbfb75106d8c5a737.txt,13,"13,14,15,16,17,18,19,21,22,24,25,26,31",4|b|770|a|7|9|png|rf|b|1|c|92|f|14|ce|293|ebbbfb|75106|d|8|c|5|a|737,human_metadata_required,human_metadata_required,human_metadata_required,
valid,D:\SportsStrategyCoachAI\datasets\processed\field_datasets\2\valid\images\538438_1_5_png.rf.8d3063210e9678dedfdbd580e9deb294.jpg,a98d6f44bd7570901fc2cd1b580ce5cf2264183c,960x960,D:\SportsStrategyCoachAI\datasets\processed\field_datasets\2\valid\labels\538438_1_5_png.rf.8d3063210e9678dedfdbd580e9deb294.txt,15,"0,1,2,3,6,7,8,9,10,11,12,13,14,15,30",538438|1|5|png|rf|8|d|3063210|e|9678|dedfdbd|580|e|9|deb|294,human_metadata_required,human_metadata_required,human_metadata_required,
valid,D:\SportsStrategyCoachAI\datasets\processed\field_datasets\2\valid\images\54745b_1_3_png.rf.ba99b1c0627bccf0d53743e8ee75a672.jpg,e93f31ba55cfe1b0dc49109fb13fe0fa46bf09ea,960x960,D:\SportsStrategyCoachAI\datasets\processed\field_datasets\2\valid\labels\54745b_1_3_png.rf.ba99b1c0627bccf0d53743e8ee75a672.txt,7,"9,13,14,15,16,30,31",54745|b|1|3|png|rf|ba|99|b|1|c|0627|bccf|0|d|53743|e|8|ee|75|a|672,human_metadata_required,human_metadata_required,human_metadata_required,
valid,D:\SportsStrategyCoachAI\datasets\processed\field_datasets\2\valid\images\798b45_7_9_png.rf.5b3ade11f39d05ccb418d00811b11def.jpg,78493505fd3d67ca920bf055c11a56775eb02c8d,960x960,D:\SportsStrategyCoachAI\datasets\processed\field_datasets\2\valid\labels\798b45_7_9_png.rf.5b3ade11f39d05ccb418d00811b11def.txt,14,"13,14,15,16,17,18,19,21,22,24,25,26,30,31",798|b|45|7|9|png|rf|5|b|3|ade|11|f|39|d|05|ccb|418|d|00811|b|11|def,human_metadata_required,human_metadata_required,human_metadata_required,
valid,D:\SportsStrategyCoachAI\datasets\processed\field_datasets\2\valid\images\a9f16c_0_1_png.rf.175661a844b4a5c621c7bcfd40985afa.jpg,6e97833a76bcf6567e3bb9f7b1b368434abfffc2,960x960,D:\SportsStrategyCoachAI\datasets\processed\field_datasets\2\valid\labels\a9f16c_0_1_png.rf.175661a844b4a5c621c7bcfd40985afa.txt,16,"0,1,2,3,4,6,7,8,9,10,11,12,13,14,15,30",a|9|f|16|c|0|1|png|rf|175661|a|844|b|4|a|5|c|621|c|7|bcfd|40985|afa,human_metadata_required,human_metadata_required,human_metadata_required,
valid,D:\SportsStrategyCoachAI\datasets\processed\field_datasets\2\valid\images\a9f16c_9_1_png.rf.c198aa127673794f40685414fb01baff.jpg,908850fbcff8a88f509769152c5f1b92041820b7,960x960,D:\SportsStrategyCoachAI\datasets\processed\field_datasets\2\valid\labels\a9f16c_9_1_png.rf.c198aa127673794f40685414fb01baff.txt,19,"0,1,2,3,4,5,6,7,8,9,10,11,12,13,14,15,16,30,31",a|9|f|16|c|9|1|png|rf|c|198|aa|127673794|f|40685414|fb|01|baff,human_metadata_required,human_metadata_required,human_metadata_required,
valid,D:\SportsStrategyCoachAI\datasets\processed\field_datasets\2\valid\images\cd987c_1_15_png.rf.f7a46ea148ec4e6f380c22eb3b0a3248.jpg,090895c13d88bfb2d84720f6a2f56aace68b4f99,960x960,D:\SportsStrategyCoachAI\datasets\processed\field_datasets\2\valid\labels\cd987c_1_15_png.rf.f7a46ea148ec4e6f380c22eb3b0a3248.txt,14,"16,17,18,19,20,21,22,23,24,25,26,27,28,31",cd|987|c|1|15|png|rf|f|7|a|46|ea|148|ec|4|e|6|f|380|c|22|eb|3|b|0|a|3248,human_metadata_required,human_metadata_required,human_metadata_required,
valid,D:\SportsStrategyCoachAI\datasets\processed\field_datasets\2\valid\images\d82e7a_5_2_png.rf.3146e71fa2709bb518121c4d31895e54.jpg,ad546ac302b4f5920ebfc04d9d61dd07c39962e0,960x960,D:\SportsStrategyCoachAI\datasets\processed\field_datasets\2\valid\labels\d82e7a_5_2_png.rf.3146e71fa2709bb518121c4d31895e54.txt,18,"0,1,2,3,4,6,7,8,9,10,11,12,13,14,15,16,30,31",d|82|e|7|a|5|2|png|rf|3146|e|71|fa|2709|bb|518121|c|4|d|31895|e|54,human_metadata_required,human_metadata_required,human_metadata_required,
valid,D:\SportsStrategyCoachAI\datasets\processed\field_datasets\2\valid\images\d82e7a_8_12_png.rf.65b6f54c738823ea04943c4319b4e6e8.jpg,ff31426f63e1d9c335ab24df0ea0a21069f9d83a,960x960,D:\SportsStrategyCoachAI\datasets\processed\field_datasets\2\valid\labels\d82e7a_8_12_png.rf.65b6f54c738823ea04943c4319b4e6e8.txt,18,"13,14,15,16,17,18,19,20,21,22,23,24,25,26,27,28,29,31",d|82|e|7|a|8|12|png|rf|65|b|6|f|54|c|738823|ea|04943|c|4319|b|4|e|6|e|8,human_metadata_required,human_metadata_required,human_metadata_required,
valid,D:\SportsStrategyCoachAI\datasets\processed\field_datasets\2\valid\images\e624c9_7_12_png.rf.7ffe7f6d5ef35ff0699908eb1caea7ad.jpg,f83d7df4c6f077abfb85b376b245d82aafda2263,960x960,D:\SportsStrategyCoachAI\datasets\processed\field_datasets\2\valid\labels\e624c9_7_12_png.rf.7ffe7f6d5ef35ff0699908eb1caea7ad.txt,16,"13,14,15,16,17,18,19,20,21,22,23,24,25,26,30,31",e|624|c|9|7|12|png|rf|7|ffe|7|f|6|d|5|ef|35|ff|0699908|eb|1|caea|7|ad,human_metadata_required,human_metadata_required,human_metadata_required,
valid,D:\SportsStrategyCoachAI\datasets\processed\field_datasets\2\valid\images\e624c9_7_2_png.rf.ff0b187cca9aa29c8f88904c3b0fff4f.jpg,88d7316b441a1cabb97c8950a7219f62150a85e4,960x960,D:\SportsStrategyCoachAI\datasets\processed\field_datasets\2\valid\labels\e624c9_7_2_png.rf.ff0b187cca9aa29c8f88904c3b0fff4f.txt,7,"13,14,15,17,18,30,31",e|624|c|9|7|2|png|rf|ff|0|b|187|cca|9|aa|29|c|8|f|88904|c|3|b|0|fff|4|f,human_metadata_required,human_metadata_required,human_metadata_required,
valid,D:\SportsStrategyCoachAI\datasets\processed\field_datasets\2\valid\images\ec783a_7_15_png.rf.e0cb5231598476cb986d48d2ab5084f8.jpg,9fd233dc2ab32d67710f52611d74bf134205ff9c,960x960,D:\SportsStrategyCoachAI\datasets\processed\field_datasets\2\valid\labels\ec783a_7_15_png.rf.e0cb5231598476cb986d48d2ab5084f8.txt,9,"13,14,15,16,17,18,24,30,31",ec|783|a|7|15|png|rf|e|0|cb|5231598476|cb|986|d|48|d|2|ab|5084|f|8,human_metadata_required,human_metadata_required,human_metadata_required,
test,D:\SportsStrategyCoachAI\datasets\processed\field_datasets\2\test\images\08fd33_2_9_png.rf.21b38ce5a95b5c38493db73c2adf656f.jpg,cb613389f39b0a98af5e68ee2e02cd96052cbd8d,960x960,D:\SportsStrategyCoachAI\datasets\processed\field_datasets\2\test\labels\08fd33_2_9_png.rf.21b38ce5a95b5c38493db73c2adf656f.txt,16,"0,1,2,3,6,7,8,9,10,11,12,13,14,15,16,30",08|fd|33|2|9|png|rf|21|b|38|ce|5|a|95|b|5|c|38493|db|73|c|2|adf|656|f,human_metadata_required,human_metadata_required,human_metadata_required,
test,D:\SportsStrategyCoachAI\datasets\processed\field_datasets\2\test\images\08fd33_4_11_png.rf.d1cfe8fcc086f5fd5890f642df7ca55f.jpg,4a3f407919343757abf2277472e1d5cfe014f5d3,960x960,D:\SportsStrategyCoachAI\datasets\processed\field_datasets\2\test\labels\08fd33_4_11_png.rf.d1cfe8fcc086f5fd5890f642df7ca55f.txt,18,"13,14,15,16,17,18,19,20,21,22,23,24,25,26,27,28,30,31",08|fd|33|4|11|png|rf|d|1|cfe|8|fcc|086|f|5|fd|5890|f|642|df|7|ca|55|f,human_metadata_required,human_metadata_required,human_metadata_required,
test,D:\SportsStrategyCoachAI\datasets\processed\field_datasets\2\test\images\08fd33_4_3_png.rf.a35582c6f261af4aec5a04a390c9ba4e.jpg,4699862d8c46f1564e6651e8c21a113b3513ad3a,960x960,D:\SportsStrategyCoachAI\datasets\processed\field_datasets\2\test\labels\08fd33_4_3_png.rf.a35582c6f261af4aec5a04a390c9ba4e.txt,9,"9,10,13,14,15,16,17,30,31",08|fd|33|4|3|png|rf|a|35582|c|6|f|261|af|4|aec|5|a|04|a|390|c|9|ba|4|e,human_metadata_required,human_metadata_required,human_metadata_required,
test,D:\SportsStrategyCoachAI\datasets\processed\field_datasets\2\test\images\08fd33_9_2_png.rf.bb85a42a79de01d73a84f054b34d7e5e.jpg,1983cc650575af06051c92e5bef7f5b52a4d24e0,960x960,D:\SportsStrategyCoachAI\datasets\processed\field_datasets\2\test\labels\08fd33_9_2_png.rf.bb85a42a79de01d73a84f054b34d7e5e.txt,12,"17,18,19,20,21,22,23,24,25,26,27,31",08|fd|33|9|2|png|rf|bb|85|a|42|a|79|de|01|d|73|a|84|f|054|b|34|d|7|e|5|e,human_metadata_required,human_metadata_required,human_metadata_required,
test,D:\SportsStrategyCoachAI\datasets\processed\field_datasets\2\test\images\0a2d9b_2_2_png.rf.bf97f45c42055c3d81fa8f3b2682e628.jpg,fd83ee19d142ab6e62a03caab003da4c8eed135d,960x960,D:\SportsStrategyCoachAI\datasets\processed\field_datasets\2\test\labels\0a2d9b_2_2_png.rf.bf97f45c42055c3d81fa8f3b2682e628.txt,13,"0,1,6,8,9,10,11,13,14,15,16,30,31",0|a|2|d|9|b|2|2|png|rf|bf|97|f|45|c|42055|c|3|d|81|fa|8|f|3|b|2682|e|628,human_metadata_required,human_metadata_required,human_metadata_required,
test,D:\SportsStrategyCoachAI\datasets\processed\field_datasets\2\test\images\121364_3_1_png.rf.0faf3dd76c49f1cc912dbda825b7ebfd.jpg,2272fe3f6b447a9947eb9232e7532b516dae7a31,960x960,D:\SportsStrategyCoachAI\datasets\processed\field_datasets\2\test\labels\121364_3_1_png.rf.0faf3dd76c49f1cc912dbda825b7ebfd.txt,16,"0,1,2,3,6,7,8,9,10,11,12,13,14,15,30,31",121364|3|1|png|rf|0|faf|3|dd|76|c|49|f|1|cc|912|dbda|825|b|7|ebfd,human_metadata_required,human_metadata_required,human_metadata_required,
test,D:\SportsStrategyCoachAI\datasets\processed\field_datasets\2\test\images\121364_3_7_png.rf.321135aab417b1a0daca84d648b85a66.jpg,01fbee42925292d8040cf423aed6c6c6a4cf9168,960x960,D:\SportsStrategyCoachAI\datasets\processed\field_datasets\2\test\labels\121364_3_7_png.rf.321135aab417b1a0daca84d648b85a66.txt,16,"0,1,2,3,6,7,8,9,10,11,12,13,14,15,30,31",121364|3|7|png|rf|321135|aab|417|b|1|a|0|daca|84|d|648|b|85|a|66,human_metadata_required,human_metadata_required,human_metadata_required,
test,D:\SportsStrategyCoachAI\datasets\processed\field_datasets\2\test\images\121364_3_9_png.rf.a77e9a544de2f8d78bae5be5b34ca19d.jpg,f34b67ed39529d800638515b27ae1c96facadda4,960x960,D:\SportsStrategyCoachAI\datasets\processed\field_datasets\2\test\labels\121364_3_9_png.rf.a77e9a544de2f8d78bae5be5b34ca19d.txt,9,"9,10,13,14,15,17,18,30,31",121364|3|9|png|rf|a|77|e|9|a|544|de|2|f|8|d|78|bae|5|be|5|b|34|ca|19|d,human_metadata_required,human_metadata_required,human_metadata_required,
test,D:\SportsStrategyCoachAI\datasets\processed\field_datasets\2\test\images\2e57b9_1_3_png.rf.bff5dac659d998a0d1d74d5260a93a0d.jpg,2494b6d8e4089738c21dd7d82762c3789e04d211,960x960,D:\SportsStrategyCoachAI\datasets\processed\field_datasets\2\test\labels\2e57b9_1_3_png.rf.bff5dac659d998a0d1d74d5260a93a0d.txt,16,"0,1,2,3,6,7,8,9,10,11,12,13,14,15,16,30",2|e|57|b|9|1|3|png|rf|bff|5|dac|659|d|998|a|0|d|1|d|74|d|5260|a|93|a|0|d,human_metadata_required,human_metadata_required,human_metadata_required,
test,D:\SportsStrategyCoachAI\datasets\processed\field_datasets\2\test\images\2e57b9_2_6_png.rf.cf936f181e41fed68efe200bd6bb26d7.jpg,5b51d63006f6edcd410fd61f437b70c275fd070d,960x960,D:\SportsStrategyCoachAI\datasets\processed\field_datasets\2\test\labels\2e57b9_2_6_png.rf.cf936f181e41fed68efe200bd6bb26d7.txt,19,"13,14,15,16,17,18,19,20,21,22,23,24,25,26,27,28,29,30,31",2|e|57|b|9|2|6|png|rf|cf|936|f|181|e|41|fed|68|efe|200|bd|6|bb|26|d|7,human_metadata_required,human_metadata_required,human_metadata_required,
test,D:\SportsStrategyCoachAI\datasets\processed\field_datasets\2\test\images\2e57b9_9_7_png.rf.f976acccd9ff0d54c46254793082fce1.jpg,4aeffdee83d85f1fefd868ac43669f44a0e6da46,960x960,D:\SportsStrategyCoachAI\datasets\processed\field_datasets\2\test\labels\2e57b9_9_7_png.rf.f976acccd9ff0d54c46254793082fce1.txt,19,"0,1,2,3,6,7,8,9,10,11,12,13,14,15,16,17,18,30,31",2|e|57|b|9|9|7|png|rf|f|976|acccd|9|ff|0|d|54|c|46254793082|fce|1,human_metadata_required,human_metadata_required,human_metadata_required,
test,D:\SportsStrategyCoachAI\datasets\processed\field_datasets\2\test\images\42ba34_0_14_png.rf.5f3af5eb5ae85b311f56b446b1d9bce6.jpg,c2b8c407c10016606d22ae9d1e437daa9b9e96c2,960x960,D:\SportsStrategyCoachAI\datasets\processed\field_datasets\2\test\labels\42ba34_0_14_png.rf.5f3af5eb5ae85b311f56b446b1d9bce6.txt,16,"13,14,15,16,17,18,19,20,21,22,23,24,25,26,30,31",42|ba|34|0|14|png|rf|5|f|3|af|5|eb|5|ae|85|b|311|f|56|b|446|b|1|d|9|bce|6,human_metadata_required,human_metadata_required,human_metadata_required,
test,D:\SportsStrategyCoachAI\datasets\processed\field_datasets\2\test\images\42ba34_0_4_png.rf.d65a6edac4539d378239b363ea9d5259.jpg,6710afefd0630f70ba5603c2e1be611fa3509a7e,960x960,D:\SportsStrategyCoachAI\datasets\processed\field_datasets\2\test\labels\42ba34_0_4_png.rf.d65a6edac4539d378239b363ea9d5259.txt,9,"13,14,15,16,17,18,24,30,31",42|ba|34|0|4|png|rf|d|65|a|6|edac|4539|d|378239|b|363|ea|9|d|5259,human_metadata_required,human_metadata_required,human_metadata_required,
test,D:\SportsStrategyCoachAI\datasets\processed\field_datasets\2\test\images\42ba34_1_3_png.rf.f072932eec1de057c37331ae88b181d6.jpg,2c5473f01942ee99996a47cdd109d60fdd0b28e8,960x960,D:\SportsStrategyCoachAI\datasets\processed\field_datasets\2\test\labels\42ba34_1_3_png.rf.f072932eec1de057c37331ae88b181d6.txt,15,"9,13,14,15,16,17,18,19,21,22,24,25,26,30,31",42|ba|34|1|3|png|rf|f|072932|eec|1|de|057|c|37331|ae|88|b|181|d|6,human_metadata_required,human_metadata_required,human_metadata_required,
test,D:\SportsStrategyCoachAI\datasets\processed\field_datasets\2\test\images\42ba34_1_4_png.rf.1b28ba86d4a77f7c0b89dfb64b8856b1.jpg,a917a531672929b5b899323ed2c4d2cb54bf820e,960x960,D:\SportsStrategyCoachAI\datasets\processed\field_datasets\2\test\labels\42ba34_1_4_png.rf.1b28ba86d4a77f7c0b89dfb64b8856b1.txt,15,"9,13,14,15,16,17,18,19,21,22,24,25,26,30,31",42|ba|34|1|4|png|rf|1|b|28|ba|86|d|4|a|77|f|7|c|0|b|89|dfb|64|b|8856|b|1,human_metadata_required,human_metadata_required,human_metadata_required,
test,D:\SportsStrategyCoachAI\datasets\processed\field_datasets\2\test\images\42ba34_1_7_png.rf.652844b269317c059ee92ffda84d4e16.jpg,e682813df2cab8b001f4e73748b16f70db0c3015,960x960,D:\SportsStrategyCoachAI\datasets\processed\field_datasets\2\test\labels\42ba34_1_7_png.rf.652844b269317c059ee92ffda84d4e16.txt,17,"0,1,2,3,6,7,8,9,10,11,12,13,14,15,16,30,31",42|ba|34|1|7|png|rf|652844|b|269317|c|059|ee|92|ffda|84|d|4|e|16,human_metadata_required,human_metadata_required,human_metadata_required,
test,D:\SportsStrategyCoachAI\datasets\processed\field_datasets\2\test\images\42ba34_6_6_png.rf.665ad70838014642d658e1a4daf23029.jpg,2d7890684e5299456661a008a1d9215170468bab,960x960,D:\SportsStrategyCoachAI\datasets\processed\field_datasets\2\test\labels\42ba34_6_6_png.rf.665ad70838014642d658e1a4daf23029.txt,16,"0,1,2,6,8,9,10,11,13,14,15,16,17,18,30,31",42|ba|34|6|6|png|rf|665|ad|70838014642|d|658|e|1|a|4|daf|23029,human_metadata_required,human_metadata_required,human_metadata_required,
test,D:\SportsStrategyCoachAI\datasets\processed\field_datasets\2\test\images\42ba34_6_8_png.rf.d1ccb8bab33b5d023f831c434c837c03.jpg,a9bb229c872a26d155b0f2a58d0c1a6882b2c395,960x960,D:\SportsStrategyCoachAI\datasets\processed\field_datasets\2\test\labels\42ba34_6_8_png.rf.d1ccb8bab33b5d023f831c434c837c03.txt,18,"0,1,6,8,9,10,11,13,14,15,16,17,18,19,24,25,30,31",42|ba|34|6|8|png|rf|d|1|ccb|8|bab|33|b|5|d|023|f|831|c|434|c|837|c|03,human_metadata_required,human_metadata_required,human_metadata_required,
test,D:\SportsStrategyCoachAI\datasets\processed\field_datasets\2\test\images\42ba34_7_2_png.rf.cc33669c19c5704679fd207436615926.jpg,179c5a3aeecdb0cefefc050c36c7435308bafbb4,960x960,D:\SportsStrategyCoachAI\datasets\processed\field_datasets\2\test\labels\42ba34_7_2_png.rf.cc33669c19c5704679fd207436615926.txt,17,"13,14,15,16,17,18,19,20,21,22,23,24,25,26,27,30,31",42|ba|34|7|2|png|rf|cc|33669|c|19|c|5704679|fd|207436615926,human_metadata_required,human_metadata_required,human_metadata_required,
test,D:\SportsStrategyCoachAI\datasets\processed\field_datasets\2\test\images\54745b_3_1_png.rf.40720ee719605a7a1f61b45c4ba34413.jpg,68a920aea30dba60d106b387ff6635c3b2293382,960x960,D:\SportsStrategyCoachAI\datasets\processed\field_datasets\2\test\labels\54745b_3_1_png.rf.40720ee719605a7a1f61b45c4ba34413.txt,8,"9,10,13,14,15,16,30,31",54745|b|3|1|png|rf|40720|ee|719605|a|7|a|1|f|61|b|45|c|4|ba|34413,human_metadata_required,human_metadata_required,human_metadata_required,
test,D:\SportsStrategyCoachAI\datasets\processed\field_datasets\2\test\images\55c9d1_5_7_png.rf.31a08956787c05582533cf75ca3d7aa9.jpg,51f795d973b4ca4887e48c55e431059742f0d2bf,960x960,D:\SportsStrategyCoachAI\datasets\processed\field_datasets\2\test\labels\55c9d1_5_7_png.rf.31a08956787c05582533cf75ca3d7aa9.txt,10,"13,14,15,16,17,18,24,25,30,31",55|c|9|d|1|5|7|png|rf|31|a|08956787|c|05582533|cf|75|ca|3|d|7|aa|9,human_metadata_required,human_metadata_required,human_metadata_required,
test,D:\SportsStrategyCoachAI\datasets\processed\field_datasets\2\test\images\744b27_3_4_png.rf.bf1e0965ff20e91b4d4a76cf1e888644.jpg,ea583e20973326462ac3f1cc3a39427e32ff2d35,960x960,D:\SportsStrategyCoachAI\datasets\processed\field_datasets\2\test\labels\744b27_3_4_png.rf.bf1e0965ff20e91b4d4a76cf1e888644.txt,18,"0,1,2,3,4,5,6,7,8,9,10,11,12,13,14,15,16,30",744|b|27|3|4|png|rf|bf|1|e|0965|ff|20|e|91|b|4|d|4|a|76|cf|1|e|888644,human_metadata_required,human_metadata_required,human_metadata_required,
test,D:\SportsStrategyCoachAI\datasets\processed\field_datasets\2\test\images\798b45_9_10_png.rf.4d3264e43840455cc4b8875688bcb9f8.jpg,2dc860198316e534a3d2255b4c267fbf85e808c0,960x960,D:\SportsStrategyCoachAI\datasets\processed\field_datasets\2\test\labels\798b45_9_10_png.rf.4d3264e43840455cc4b8875688bcb9f8.txt,18,"0,1,2,3,4,5,6,7,8,9,10,11,12,13,14,15,16,30",798|b|45|9|10|png|rf|4|d|3264|e|43840455|cc|4|b|8875688|bcb|9|f|8,human_metadata_required,human_metadata_required,human_metadata_required,
test,D:\SportsStrategyCoachAI\datasets\processed\field_datasets\2\test\images\d82e7a_5_3_png.rf.82e95fcfc567e0ddec9db39e12a81187.jpg,53faa7edf5d440fc0102291c502547dc89fbb6e6,960x960,D:\SportsStrategyCoachAI\datasets\processed\field_datasets\2\test\labels\d82e7a_5_3_png.rf.82e95fcfc567e0ddec9db39e12a81187.txt,18,"0,1,2,3,4,5,6,7,8,9,10,11,12,13,14,15,16,30",d|82|e|7|a|5|3|png|rf|82|e|95|fcfc|567|e|0|ddec|9|db|39|e|12|a|81187,human_metadata_required,human_metadata_required,human_metadata_required,
test,D:\SportsStrategyCoachAI\datasets\processed\field_datasets\2\test\images\d82e7a_5_4_png.rf.fc6f5b0445962d61c78513fd54acb8fb.jpg,381958f0f802fd923e2410c74620eb07bdb6ab80,960x960,D:\SportsStrategyCoachAI\datasets\processed\field_datasets\2\test\labels\d82e7a_5_4_png.rf.fc6f5b0445962d61c78513fd54acb8fb.txt,18,"0,1,2,3,4,5,6,7,8,9,10,11,12,13,14,15,16,30",d|82|e|7|a|5|4|png|rf|fc|6|f|5|b|0445962|d|61|c|78513|fd|54|acb|8|fb,human_metadata_required,human_metadata_required,human_metadata_required,
test,D:\SportsStrategyCoachAI\datasets\processed\field_datasets\2\test\images\d82e7a_8_5_png.rf.ac5637bcbae3613a7f4befab9130f3be.jpg,808ccbb374dc01e38c6fdea825ef38965b351739,960x960,D:\SportsStrategyCoachAI\datasets\processed\field_datasets\2\test\labels\d82e7a_8_5_png.rf.ac5637bcbae3613a7f4befab9130f3be.txt,16,"0,1,2,6,7,8,9,10,11,12,13,14,15,16,30,31",d|82|e|7|a|8|5|png|rf|ac|5637|bcbae|3613|a|7|f|4|befab|9130|f|3|be,human_metadata_required,human_metadata_required,human_metadata_required,
test,D:\SportsStrategyCoachAI\datasets\processed\field_datasets\2\test\images\e624c9_7_11_png.rf.338917e4212459af3ac346b95f17a3ac.jpg,919dbd9de51efe4e6605b0c31dffbd19bfde570e,960x960,D:\SportsStrategyCoachAI\datasets\processed\field_datasets\2\test\labels\e624c9_7_11_png.rf.338917e4212459af3ac346b95f17a3ac.txt,16,"13,14,15,16,17,18,19,20,21,22,23,24,25,26,27,31",e|624|c|9|7|11|png|rf|338917|e|4212459|af|3|ac|346|b|95|f|17|a|3|ac,human_metadata_required,human_metadata_required,human_metadata_required,
test,D:\SportsStrategyCoachAI\datasets\processed\field_datasets\2\test\images\ec783a_1_2_png.rf.3e304ae802884a190e80fd0328a90bab.jpg,4736968675f9c88d58b5052e95e9f59521a1296a,960x960,D:\SportsStrategyCoachAI\datasets\processed\field_datasets\2\test\labels\ec783a_1_2_png.rf.3e304ae802884a190e80fd0328a90bab.txt,18,"0,1,2,3,4,6,7,8,9,10,11,12,13,14,15,16,30,31",ec|783|a|1|2|png|rf|3|e|304|ae|802884|a|190|e|80|fd|0328|a|90|bab,human_metadata_required,human_metadata_required,human_metadata_required,
